f0_,f1_
2020-03-17 00:00:00 UTC,959153485
2020-01-27 00:00:00 UTC,1151273206
2020-05-16 00:00:00 UTC,894453504
2021-01-10 00:00:00 UTC,1927653124
2019-02-04 00:00:00 UTC,1514243801
2020-08-12 00:00:00 UTC,1139183356
2019-09-22 00:00:00 UTC,1123671164
2019-09-17 00:00:00 UTC,1623895940
2019-09-19 00:00:00 UTC,1546461906
2020-12-26 00:00:00 UTC,1530282869
2019-12-11 00:00:00 UTC,950930854
2019-12-14 00:00:00 UTC,771106436
2019-11-21 00:00:00 UTC,1006955073
2019-08-06 00:00:00 UTC,2022169970
2020-02-03 00:00:00 UTC,1009958913
2020-03-24 00:00:00 UTC,931558409
2019-07-23 00:00:00 UTC,1626332753
2019-05-13 00:00:00 UTC,1800363529
2020-08-19 00:00:00 UTC,1393625975
2019-08-10 00:00:00 UTC,2796154187
2019-07-27 00:00:00 UTC,1479624742
2019-03-20 00:00:00 UTC,1445762892
2019-02-25 00:00:00 UTC,1679525490
2020-08-08 00:00:00 UTC,989166721
2020-11-23 00:00:00 UTC,1470109906
2020-11-20 00:00:00 UTC,1388289615
2020-04-04 00:00:00 UTC,802493438
2020-12-07 00:00:00 UTC,2586809537
2020-07-07 00:00:00 UTC,932018214
2019-08-26 00:00:00 UTC,1221397148
2020-10-18 00:00:00 UTC,829200300
2020-03-27 00:00:00 UTC,852320410
2020-04-24 00:00:00 UTC,965192604
2019-04-30 00:00:00 UTC,1653129512
2019-04-04 00:00:00 UTC,1972936033
2020-05-13 00:00:00 UTC,958853637
2019-03-04 00:00:00 UTC,1814167785
2019-02-11 00:00:00 UTC,1708637205
2019-09-30 00:00:00 UTC,1207805800
2020-11-25 00:00:00 UTC,1430597523
2020-07-24 00:00:00 UTC,1151977108
2019-12-24 00:00:00 UTC,817813609
2019-06-18 00:00:00 UTC,1872799617
2019-11-15 00:00:00 UTC,1008310702
2019-08-25 00:00:00 UTC,913259578
2020-03-19 00:00:00 UTC,1219850886
2020-06-22 00:00:00 UTC,883352129
2020-06-17 00:00:00 UTC,854441523
2019-07-01 00:00:00 UTC,1776044170
2019-07-28 00:00:00 UTC,1416776911
2019-10-24 00:00:00 UTC,901535031
2020-05-27 00:00:00 UTC,932390728
2019-03-01 00:00:00 UTC,1756429426
2019-05-08 00:00:00 UTC,1365448268
2019-02-06 00:00:00 UTC,1435722702
2019-02-05 00:00:00 UTC,1478513292
2020-08-22 00:00:00 UTC,973653309
2020-08-05 00:00:00 UTC,1107591842
2020-11-27 00:00:00 UTC,1208078947
2019-08-03 00:00:00 UTC,1672747029
2019-11-30 00:00:00 UTC,889418904
2019-12-16 00:00:00 UTC,999474434
2019-06-17 00:00:00 UTC,2073570452
2020-02-02 00:00:00 UTC,940076228
2020-02-28 00:00:00 UTC,928061727
2019-10-02 00:00:00 UTC,962381008
2020-03-09 00:00:00 UTC,1155578238
2020-03-18 00:00:00 UTC,964900078
2020-04-13 00:00:00 UTC,889678051
2020-01-23 00:00:00 UTC,890633481
2020-01-19 00:00:00 UTC,1031887786
2020-06-13 00:00:00 UTC,749731488
2020-10-24 00:00:00 UTC,999063273
2019-02-02 00:00:00 UTC,1380674284
2019-02-01 00:00:00 UTC,1621764083
2020-10-04 00:00:00 UTC,916993474
2020-11-30 00:00:00 UTC,1279311871
2020-10-23 00:00:00 UTC,1132761867
2020-01-01 00:00:00 UTC,719225371
2020-06-01 00:00:00 UTC,1155145762
2019-07-02 00:00:00 UTC,1577282909
2020-05-31 00:00:00 UTC,1072913491
2019-05-31 00:00:00 UTC,2097197313
2019-01-21 00:00:00 UTC,1533774943
2019-02-23 00:00:00 UTC,1517143159
2019-02-22 00:00:00 UTC,1614706108
2019-02-13 00:00:00 UTC,1531704297
2020-09-11 00:00:00 UTC,975488112
2020-08-24 00:00:00 UTC,1009358741
2019-06-28 00:00:00 UTC,1976711882
2019-08-14 00:00:00 UTC,1350317313
2020-02-08 00:00:00 UTC,1103575396
2020-10-16 00:00:00 UTC,1016953775
2020-03-22 00:00:00 UTC,857224820
2020-03-28 00:00:00 UTC,913542799
2020-01-25 00:00:00 UTC,694458860
2020-06-20 00:00:00 UTC,810537480
2019-04-23 00:00:00 UTC,1612270453
2019-02-07 00:00:00 UTC,1357008634
2020-11-18 00:00:00 UTC,1475098690
2019-10-30 00:00:00 UTC,988813058
2020-12-21 00:00:00 UTC,1441360441
2020-09-04 00:00:00 UTC,1300570438
2020-09-12 00:00:00 UTC,1062944466
2019-12-04 00:00:00 UTC,949439341
2020-11-07 00:00:00 UTC,1149414173
2020-03-16 00:00:00 UTC,1104876280
2020-03-03 00:00:00 UTC,929648610
2019-07-19 00:00:00 UTC,1574913627
2021-01-15 00:00:00 UTC,1517143198
2019-05-18 00:00:00 UTC,1534629934
2020-06-27 00:00:00 UTC,810735702
2019-08-11 00:00:00 UTC,2535145160
2020-04-08 00:00:00 UTC,894960070
2019-03-19 00:00:00 UTC,1501474716
2019-05-16 00:00:00 UTC,2458781539
2019-05-30 00:00:00 UTC,2536285261
2019-01-14 00:00:00 UTC,1469499628
2020-08-15 00:00:00 UTC,1152766200
2020-08-03 00:00:00 UTC,1310459967
2019-09-20 00:00:00 UTC,1486022711
2020-12-25 00:00:00 UTC,1376511846
2020-12-13 00:00:00 UTC,1028253804
2020-09-19 00:00:00 UTC,970048554
2019-12-01 00:00:00 UTC,1002147843
2020-06-30 00:00:00 UTC,909288604
2020-06-29 00:00:00 UTC,833384750
2020-07-16 00:00:00 UTC,1041121033
2019-10-14 00:00:00 UTC,956621097
2020-10-21 00:00:00 UTC,1244227177
2020-11-01 00:00:00 UTC,948698699
2020-04-21 00:00:00 UTC,896518895
2019-03-02 00:00:00 UTC,1471054680
2019-03-15 00:00:00 UTC,1720677639
2019-02-12 00:00:00 UTC,1589010524
2019-09-18 00:00:00 UTC,1513093064
2020-12-08 00:00:00 UTC,1118753096
2020-06-26 00:00:00 UTC,895224526
2020-07-21 00:00:00 UTC,1037397728
2019-12-28 00:00:00 UTC,1462872507
2020-10-26 00:00:00 UTC,1004606181
2019-11-18 00:00:00 UTC,995058149
2020-02-22 00:00:00 UTC,768260121
2020-03-21 00:00:00 UTC,805411965
2020-04-14 00:00:00 UTC,991176613
2020-08-23 00:00:00 UTC,920887653
2020-09-05 00:00:00 UTC,1012889490
2020-09-21 00:00:00 UTC,1124578139
2020-10-29 00:00:00 UTC,1190256549
2019-08-27 00:00:00 UTC,1240746034
2019-10-07 00:00:00 UTC,1054806276
2019-08-30 00:00:00 UTC,1151957947
2020-01-03 00:00:00 UTC,872037933
2019-07-08 00:00:00 UTC,1693260573
2019-05-20 00:00:00 UTC,1716415590
2020-07-29 00:00:00 UTC,1071810061
2020-07-28 00:00:00 UTC,1630240860
2020-02-23 00:00:00 UTC,785066363
2019-04-06 00:00:00 UTC,1561554471
2019-07-04 00:00:00 UTC,1665959435
2019-07-25 00:00:00 UTC,1465989402
2020-05-17 00:00:00 UTC,903387835
2019-03-14 00:00:00 UTC,1695495329
2019-01-13 00:00:00 UTC,1391776740
2019-02-03 00:00:00 UTC,1406033381
2020-10-12 00:00:00 UTC,1136602567
2020-11-12 00:00:00 UTC,1186821921
2020-12-28 00:00:00 UTC,1532696870
2020-07-18 00:00:00 UTC,835492066
2020-07-01 00:00:00 UTC,809610589
2019-06-27 00:00:00 UTC,2867785395
2019-11-23 00:00:00 UTC,938383418
2019-08-09 00:00:00 UTC,2256040436
2019-10-09 00:00:00 UTC,1079786332
2020-04-11 00:00:00 UTC,894234001
2020-05-19 00:00:00 UTC,1039074556
2021-01-02 00:00:00 UTC,1551780399
2019-05-05 00:00:00 UTC,1273965051
2019-05-11 00:00:00 UTC,1958307745
2020-10-13 00:00:00 UTC,1058466360
2020-10-09 00:00:00 UTC,989071650
2020-09-24 00:00:00 UTC,1041104879
2020-08-26 00:00:00 UTC,965121946
2020-07-09 00:00:00 UTC,1002848754
2020-01-13 00:00:00 UTC,888778608
2020-06-10 00:00:00 UTC,1045589987
2019-04-17 00:00:00 UTC,1441466231
2020-05-14 00:00:00 UTC,1038887103
2019-03-16 00:00:00 UTC,1512848849
2019-01-23 00:00:00 UTC,1295740331
2020-08-10 00:00:00 UTC,1029248177
2020-12-02 00:00:00 UTC,1120631514
2019-11-28 00:00:00 UTC,908065340
2020-10-20 00:00:00 UTC,1254408077
2020-11-08 00:00:00 UTC,944730747
2020-03-29 00:00:00 UTC,998868157
2020-03-05 00:00:00 UTC,924544311
2020-01-28 00:00:00 UTC,1288015386
2020-06-23 00:00:00 UTC,975421844
2020-05-05 00:00:00 UTC,1020505543
2019-03-18 00:00:00 UTC,1522051264
2019-03-27 00:00:00 UTC,1512172021
2019-09-24 00:00:00 UTC,1477959473
2019-10-28 00:00:00 UTC,1012964109
2020-08-31 00:00:00 UTC,1122760198
2020-07-13 00:00:00 UTC,1002934258
2020-02-20 00:00:00 UTC,980231446
2019-10-18 00:00:00 UTC,930398518
2020-04-07 00:00:00 UTC,954200711
2020-05-28 00:00:00 UTC,956817580
2019-01-20 00:00:00 UTC,1316273310
2019-01-15 00:00:00 UTC,1504077423
2020-10-07 00:00:00 UTC,1035202546
2020-11-16 00:00:00 UTC,1504964966
2019-06-06 00:00:00 UTC,1702912656
2019-06-22 00:00:00 UTC,2571143258
2020-02-01 00:00:00 UTC,1088899152
2019-10-15 00:00:00 UTC,1117404205
2020-10-19 00:00:00 UTC,986679548
2020-04-15 00:00:00 UTC,868046936
2020-01-20 00:00:00 UTC,926907815
2019-04-22 00:00:00 UTC,1403250271
2019-04-20 00:00:00 UTC,1277778682
2019-07-06 00:00:00 UTC,1393000115
2021-01-12 00:00:00 UTC,1673116346
2019-03-24 00:00:00 UTC,1288836418
2019-02-27 00:00:00 UTC,1419645819
2020-08-20 00:00:00 UTC,1061335446
2020-12-18 00:00:00 UTC,1655360371
2019-11-24 00:00:00 UTC,856110132
2019-06-25 00:00:00 UTC,2229182044
2019-06-30 00:00:00 UTC,1635906301
2020-02-06 00:00:00 UTC,1192508218
2019-10-12 00:00:00 UTC,884755678
2019-09-05 00:00:00 UTC,1092485490
2020-01-05 00:00:00 UTC,804972685
2020-01-09 00:00:00 UTC,981469463
2020-01-02 00:00:00 UTC,809342637
2021-01-14 00:00:00 UTC,1810289180
2019-03-09 00:00:00 UTC,1549424617
2019-02-15 00:00:00 UTC,1490664267
2020-11-15 00:00:00 UTC,996026511
2020-11-10 00:00:00 UTC,1193478559
2019-06-15 00:00:00 UTC,1739425886
2019-11-10 00:00:00 UTC,874423164
2019-11-13 00:00:00 UTC,1189261086
2019-10-21 00:00:00 UTC,942973438
2020-03-06 00:00:00 UTC,962068268
2020-04-20 00:00:00 UTC,986196414
2020-06-12 00:00:00 UTC,905230234
2020-05-26 00:00:00 UTC,1034581375
2019-02-08 00:00:00 UTC,2144530314
2020-12-20 00:00:00 UTC,1383692410
2019-08-28 00:00:00 UTC,1176586076
2020-01-11 00:00:00 UTC,914591014
2020-01-16 00:00:00 UTC,1045378992
2020-01-15 00:00:00 UTC,1150025054
2019-07-17 00:00:00 UTC,1974078349
2019-07-16 00:00:00 UTC,1914067743
2020-05-08 00:00:00 UTC,1218585445
2019-03-11 00:00:00 UTC,1928823597
2019-08-05 00:00:00 UTC,2145431127
2020-04-05 00:00:00 UTC,789956404
2019-12-05 00:00:00 UTC,843951202
2019-11-06 00:00:00 UTC,977752961
2019-08-24 00:00:00 UTC,1069861446
2019-10-19 00:00:00 UTC,898055458
2020-03-12 00:00:00 UTC,1591182461
2020-03-14 00:00:00 UTC,945115868
2020-04-28 00:00:00 UTC,1071025524
2020-06-03 00:00:00 UTC,923601364
2021-01-09 00:00:00 UTC,1851709730
2019-05-24 00:00:00 UTC,1965367856
2019-02-10 00:00:00 UTC,1802149748
2019-12-03 00:00:00 UTC,1018621042
2020-07-20 00:00:00 UTC,935520555
2019-06-11 00:00:00 UTC,2496348359
2019-06-21 00:00:00 UTC,2147089170
2019-08-15 00:00:00 UTC,1265495991
2020-02-26 00:00:00 UTC,1068370659
2020-03-10 00:00:00 UTC,966324533
2019-07-03 00:00:00 UTC,1594435434
2019-10-22 00:00:00 UTC,1000403320
2020-05-29 00:00:00 UTC,969432655
2020-05-06 00:00:00 UTC,997908866
2019-02-21 00:00:00 UTC,1672185062
2020-08-18 00:00:00 UTC,1649445283
2019-09-23 00:00:00 UTC,1257033508
2020-10-01 00:00:00 UTC,1061331283
2020-04-03 00:00:00 UTC,850016293
2020-12-19 00:00:00 UTC,1441258059
2020-09-26 00:00:00 UTC,1024507663
2019-12-21 00:00:00 UTC,873017355
2019-06-16 00:00:00 UTC,1803691828
2019-08-21 00:00:00 UTC,1227418964
2020-02-18 00:00:00 UTC,1049144952
2020-10-17 00:00:00 UTC,904451266
2019-04-28 00:00:00 UTC,1262640975
2021-01-01 00:00:00 UTC,1133156047
2019-05-09 00:00:00 UTC,1687210828
2019-01-02 00:00:00 UTC,1545593510
2019-02-18 00:00:00 UTC,1918493776
2020-08-09 00:00:00 UTC,992258801
2019-09-26 00:00:00 UTC,1385261536
2020-11-14 00:00:00 UTC,1100420859
2019-10-27 00:00:00 UTC,884486371
2020-09-25 00:00:00 UTC,981164292
2019-12-06 00:00:00 UTC,884298716
2020-02-25 00:00:00 UTC,935945642
2021-01-11 00:00:00 UTC,2232080956
2019-03-06 00:00:00 UTC,1826591718
2019-02-28 00:00:00 UTC,1361364875
2020-10-11 00:00:00 UTC,896135033
2020-12-11 00:00:00 UTC,1053361285
2020-08-27 00:00:00 UTC,937352032
2019-11-26 00:00:00 UTC,1116282017
2020-07-12 00:00:00 UTC,945674347
2019-12-18 00:00:00 UTC,958875814
2019-06-20 00:00:00 UTC,1813633955
2019-10-11 00:00:00 UTC,1084067087
2019-09-13 00:00:00 UTC,1142333583
2020-01-21 00:00:00 UTC,1002701371
2020-06-04 00:00:00 UTC,948917778
2019-04-19 00:00:00 UTC,1424705054
2020-05-30 00:00:00 UTC,1139934734
2020-05-01 00:00:00 UTC,1013952781
2019-05-28 00:00:00 UTC,2058835940
2019-05-23 00:00:00 UTC,21640220358
2019-05-19 00:00:00 UTC,1611063737
2020-08-07 00:00:00 UTC,1090414434
2020-10-08 00:00:00 UTC,906843681
2019-12-07 00:00:00 UTC,829062001
2019-11-07 00:00:00 UTC,965533889
2019-11-05 00:00:00 UTC,1317199924
2019-12-31 00:00:00 UTC,1121086778
2020-03-23 00:00:00 UTC,845171715
2020-03-04 00:00:00 UTC,904764560
2021-01-13 00:00:00 UTC,1373195559
2019-03-07 00:00:00 UTC,4102497704
2019-05-07 00:00:00 UTC,1455130567
2019-06-05 00:00:00 UTC,1626363012
2019-06-01 00:00:00 UTC,1693315420
2020-08-30 00:00:00 UTC,973707913
2020-09-15 00:00:00 UTC,1062238772
2019-12-20 00:00:00 UTC,1063383481
2019-12-26 00:00:00 UTC,1337677860
2020-10-28 00:00:00 UTC,1167435199
2020-11-04 00:00:00 UTC,1270423131
2020-04-27 00:00:00 UTC,1050939201
2020-06-05 00:00:00 UTC,1058306418
2019-04-08 00:00:00 UTC,1827183541
2020-05-15 00:00:00 UTC,998493908
2019-03-08 00:00:00 UTC,1664014464
2019-03-23 00:00:00 UTC,1369171762
2020-11-24 00:00:00 UTC,1566545398
2020-12-09 00:00:00 UTC,1122588928
2020-12-17 00:00:00 UTC,2101470968
2020-12-01 00:00:00 UTC,1697986203
2020-09-28 00:00:00 UTC,1009154095
2020-07-14 00:00:00 UTC,1085674375
2019-06-07 00:00:00 UTC,2016290158
2019-06-10 00:00:00 UTC,2366090015
2019-11-16 00:00:00 UTC,850945117
2019-10-03 00:00:00 UTC,1044735093
2020-03-07 00:00:00 UTC,1024468296
2019-04-05 00:00:00 UTC,1766626358
2019-05-15 00:00:00 UTC,2371370503
2019-05-06 00:00:00 UTC,1438805166
2019-02-14 00:00:00 UTC,1412570934
2019-09-29 00:00:00 UTC,1108782404
2019-10-20 00:00:00 UTC,786684034
2020-06-02 00:00:00 UTC,1219707171
2019-04-07 00:00:00 UTC,1556025343
2019-05-21 00:00:00 UTC,1726759680
2019-05-02 00:00:00 UTC,1361932156
2020-08-06 00:00:00 UTC,1093555351
2019-08-02 00:00:00 UTC,1743488598
2020-09-27 00:00:00 UTC,888617297
2019-12-12 00:00:00 UTC,897265516
2019-11-19 00:00:00 UTC,1044389506
2019-10-16 00:00:00 UTC,985078014
2020-10-15 00:00:00 UTC,1007026035
2020-11-02 00:00:00 UTC,1234285774
2020-04-25 00:00:00 UTC,1024900138
2020-04-29 00:00:00 UTC,1425162785
2019-09-15 00:00:00 UTC,1204190051
2020-01-17 00:00:00 UTC,1157224471
2020-06-19 00:00:00 UTC,897989436
2019-04-10 00:00:00 UTC,1629233548
2019-07-13 00:00:00 UTC,1547996226
2019-03-26 00:00:00 UTC,1393671219
2019-01-09 00:00:00 UTC,1520099998
2020-08-29 00:00:00 UTC,872349176
2020-12-29 00:00:00 UTC,1452177852
2020-12-15 00:00:00 UTC,1047537319
2020-09-18 00:00:00 UTC,1104757868
2019-12-25 00:00:00 UTC,976090050
2019-12-19 00:00:00 UTC,904403205
2019-12-30 00:00:00 UTC,1137175751
2019-06-13 00:00:00 UTC,2001631159
2019-08-23 00:00:00 UTC,1080359178
2020-02-07 00:00:00 UTC,1146145605
2020-02-05 00:00:00 UTC,1092957717
2020-03-26 00:00:00 UTC,864868712
2020-04-23 00:00:00 UTC,1032251379
2020-06-21 00:00:00 UTC,766247452
2019-04-12 00:00:00 UTC,1371970601
2019-07-24 00:00:00 UTC,1538886305
2021-01-16 00:00:00 UTC,1278362676
2019-01-22 00:00:00 UTC,1456365278
2020-08-13 00:00:00 UTC,1198434434
2019-08-01 00:00:00 UTC,1863484476
2020-12-06 00:00:00 UTC,920367800
2020-07-17 00:00:00 UTC,963209910
2020-02-21 00:00:00 UTC,975259628
2019-09-12 00:00:00 UTC,1202340046
2020-01-14 00:00:00 UTC,1343107879
2020-06-15 00:00:00 UTC,985946855
2019-07-22 00:00:00 UTC,1527457627
2019-07-18 00:00:00 UTC,1803859790
2019-10-23 00:00:00 UTC,993354825
2020-05-18 00:00:00 UTC,1007340229
2019-09-28 00:00:00 UTC,1142430913
2020-10-10 00:00:00 UTC,1032652944
2020-11-26 00:00:00 UTC,1442598327
2019-11-03 00:00:00 UTC,1044715129
2019-06-19 00:00:00 UTC,1970872024
2020-02-09 00:00:00 UTC,1109428812
2020-02-17 00:00:00 UTC,1019986578
2020-02-04 00:00:00 UTC,1111996965
2019-04-02 00:00:00 UTC,3085978110
2019-04-09 00:00:00 UTC,1698247990
2019-03-05 00:00:00 UTC,1841549997
2020-07-25 00:00:00 UTC,1294647816
2020-07-23 00:00:00 UTC,1062030744
2020-07-31 00:00:00 UTC,1221999502
2020-10-27 00:00:00 UTC,1186389487
2020-03-08 00:00:00 UTC,1030494645
2020-01-31 00:00:00 UTC,1063931942
2020-01-04 00:00:00 UTC,816881916
2020-06-07 00:00:00 UTC,846549591
2020-06-16 00:00:00 UTC,997156122
2019-04-16 00:00:00 UTC,1505182182
2019-07-26 00:00:00 UTC,1613751848
2019-07-12 00:00:00 UTC,1832032117
2020-05-07 00:00:00 UTC,1128159135
2020-05-09 00:00:00 UTC,1328296959
2021-01-06 00:00:00 UTC,2088501009
2019-01-06 00:00:00 UTC,1831077915
2020-08-11 00:00:00 UTC,1242539845
2020-11-19 00:00:00 UTC,1382233589
2019-06-04 00:00:00 UTC,2006124606
2020-09-13 00:00:00 UTC,927071367
2019-12-13 00:00:00 UTC,1006277192
2019-06-09 00:00:00 UTC,1531753039
2019-06-29 00:00:00 UTC,1771910507
2019-06-24 00:00:00 UTC,2100780426
2019-08-16 00:00:00 UTC,1733738828
2019-08-31 00:00:00 UTC,1106146173
2019-09-09 00:00:00 UTC,1232538227
2019-07-29 00:00:00 UTC,1604851303
2019-07-10 00:00:00 UTC,2132983554
2020-05-24 00:00:00 UTC,931558432
2019-02-26 00:00:00 UTC,1489902752
2019-09-21 00:00:00 UTC,1237395206
2019-06-14 00:00:00 UTC,1930955969
2020-04-19 00:00:00 UTC,999951305
2019-04-13 00:00:00 UTC,1279132867
2021-01-04 00:00:00 UTC,1943454369
2019-03-30 00:00:00 UTC,1489211204
2019-01-16 00:00:00 UTC,1390759034
2019-10-31 00:00:00 UTC,1054161558
2020-12-16 00:00:00 UTC,1589025612
2020-09-14 00:00:00 UTC,969885902
2019-12-29 00:00:00 UTC,1107650468
2019-08-13 00:00:00 UTC,1692176016
2019-08-18 00:00:00 UTC,1172592949
2020-02-19 00:00:00 UTC,1225434921
2020-04-17 00:00:00 UTC,860431614
2020-04-30 00:00:00 UTC,1300749231
2019-04-27 00:00:00 UTC,1240429661
2019-07-21 00:00:00 UTC,1252641302
2019-07-05 00:00:00 UTC,1675503821
2021-01-05 00:00:00 UTC,1723512263
2019-03-29 00:00:00 UTC,1461433945
2019-11-29 00:00:00 UTC,911095621
2020-02-16 00:00:00 UTC,1100434026
2020-02-14 00:00:00 UTC,976390879
2020-03-30 00:00:00 UTC,897286528
2019-04-14 00:00:00 UTC,1282826227
2021-01-03 00:00:00 UTC,1859284683
2019-03-28 00:00:00 UTC,1440086857
2019-03-31 00:00:00 UTC,1309581804
2020-11-17 00:00:00 UTC,1513501570
2020-12-23 00:00:00 UTC,1413718314
2020-12-30 00:00:00 UTC,1436946348
2019-12-09 00:00:00 UTC,955874231
2020-07-04 00:00:00 UTC,815321041
2019-04-21 00:00:00 UTC,1261986011
2020-05-22 00:00:00 UTC,933893935
2020-05-02 00:00:00 UTC,922646779
2019-03-25 00:00:00 UTC,1494201396
2019-05-29 00:00:00 UTC,1921883406
2019-01-05 00:00:00 UTC,1597124266
2020-11-29 00:00:00 UTC,931431091
2020-09-10 00:00:00 UTC,1049589017
2020-09-07 00:00:00 UTC,1063605627
2019-08-29 00:00:00 UTC,1350949930
2020-06-06 00:00:00 UTC,806715489
2020-06-08 00:00:00 UTC,960336030
2019-07-09 00:00:00 UTC,1822694063
2020-05-11 00:00:00 UTC,1142052651
2019-02-16 00:00:00 UTC,1467337137
2019-11-12 00:00:00 UTC,1109890307
2019-10-01 00:00:00 UTC,1156150654
2019-10-06 00:00:00 UTC,835759581
2020-10-22 00:00:00 UTC,1232515077
2020-03-15 00:00:00 UTC,1045941672
2019-09-01 00:00:00 UTC,963907460
2019-10-25 00:00:00 UTC,1183005198
2019-03-21 00:00:00 UTC,1377345567
2019-05-26 00:00:00 UTC,1795908470
2019-05-22 00:00:00 UTC,1679365249
2019-01-08 00:00:00 UTC,1673855754
2019-01-30 00:00:00 UTC,1428207534
2020-08-16 00:00:00 UTC,1179462302
2020-04-02 00:00:00 UTC,917769518
2020-12-14 00:00:00 UTC,956354002
2020-09-23 00:00:00 UTC,931889364
2020-09-08 00:00:00 UTC,1020363216
2020-06-28 00:00:00 UTC,761003799
2021-01-17 00:00:00 UTC,1110294312
2020-04-18 00:00:00 UTC,875847417
2020-01-12 00:00:00 UTC,856026126
2020-06-14 00:00:00 UTC,824604958
2020-05-10 00:00:00 UTC,942194827
2019-05-25 00:00:00 UTC,1637363718
2019-01-07 00:00:00 UTC,1606729045
2019-01-25 00:00:00 UTC,1715404207
2019-02-09 00:00:00 UTC,1851391593
2019-02-20 00:00:00 UTC,1797659942
2020-10-14 00:00:00 UTC,1084457275
2020-10-05 00:00:00 UTC,955533378
2019-06-02 00:00:00 UTC,1581440858
2020-07-30 00:00:00 UTC,1175318637
2019-10-04 00:00:00 UTC,934405698
2020-01-26 00:00:00 UTC,737515279
2019-07-31 00:00:00 UTC,1959780294
2020-05-25 00:00:00 UTC,1005632320
2019-03-22 00:00:00 UTC,1591096178
2019-01-26 00:00:00 UTC,1517644604
2020-10-02 00:00:00 UTC,1014406676
2020-12-10 00:00:00 UTC,1012825584
2019-12-27 00:00:00 UTC,1487739650
2020-02-24 00:00:00 UTC,1198091253
2020-02-11 00:00:00 UTC,1154825909
2019-03-12 00:00:00 UTC,1964421236
2020-12-24 00:00:00 UTC,1228514114
2020-09-02 00:00:00 UTC,1229001702
2019-12-10 00:00:00 UTC,1123647346
2019-11-04 00:00:00 UTC,1092025038
2019-12-22 00:00:00 UTC,814818102
2020-04-26 00:00:00 UTC,966207105
2019-09-14 00:00:00 UTC,1149150140
2019-07-14 00:00:00 UTC,1684770776
2019-05-12 00:00:00 UTC,1587799902
2019-05-04 00:00:00 UTC,1471145911
2019-05-14 00:00:00 UTC,2056455211
2019-01-19 00:00:00 UTC,1472594887
2020-10-03 00:00:00 UTC,865189001
2019-10-26 00:00:00 UTC,1037394957
2020-09-22 00:00:00 UTC,1018379767
2020-09-09 00:00:00 UTC,1016103336
2020-07-05 00:00:00 UTC,780941007
2019-08-07 00:00:00 UTC,2052486961
2019-08-17 00:00:00 UTC,1209971627
2019-08-12 00:00:00 UTC,2350958614
2020-02-10 00:00:00 UTC,1098385075
2019-10-17 00:00:00 UTC,978486287
2019-07-15 00:00:00 UTC,1857559866
2019-05-03 00:00:00 UTC,1580779466
2019-01-03 00:00:00 UTC,1525564711
2020-08-02 00:00:00 UTC,1239221383
2020-08-01 00:00:00 UTC,1208903185
2020-11-09 00:00:00 UTC,1276278581
2020-11-22 00:00:00 UTC,1251063129
2020-07-02 00:00:00 UTC,878825515
2020-07-11 00:00:00 UTC,818330693
2019-06-26 00:00:00 UTC,2758440060
2019-10-05 00:00:00 UTC,827601619
2019-09-07 00:00:00 UTC,1092149220
2020-05-04 00:00:00 UTC,911142186
2021-01-08 00:00:00 UTC,2018043594
2020-12-27 00:00:00 UTC,1620164120
2019-11-02 00:00:00 UTC,834034945
2019-11-08 00:00:00 UTC,990085662
2020-07-26 00:00:00 UTC,1141829931
2020-10-30 00:00:00 UTC,1225055556
2019-10-08 00:00:00 UTC,1071301199
2020-03-01 00:00:00 UTC,804765881
2019-09-03 00:00:00 UTC,1315070409
2020-12-05 00:00:00 UTC,920714241
2020-09-03 00:00:00 UTC,1315220807
2020-07-08 00:00:00 UTC,1078872858
2020-03-25 00:00:00 UTC,877189923
2020-04-22 00:00:00 UTC,891938211
2020-01-29 00:00:00 UTC,953999491
2019-07-07 00:00:00 UTC,1402167501
2020-05-20 00:00:00 UTC,1057652215
2019-05-10 00:00:00 UTC,1712852862
2020-09-06 00:00:00 UTC,957720965
2019-11-27 00:00:00 UTC,924628663
2020-07-15 00:00:00 UTC,1044451915
2020-03-02 00:00:00 UTC,893649842
2020-06-11 00:00:00 UTC,1074089783
2019-05-17 00:00:00 UTC,1983133315
2019-05-27 00:00:00 UTC,2374237866
2020-08-21 00:00:00 UTC,1116717811
2019-06-03 00:00:00 UTC,1871808484
2020-07-27 00:00:00 UTC,1455745099
2019-06-12 00:00:00 UTC,2521081972
2019-08-20 00:00:00 UTC,1211980756
2020-02-27 00:00:00 UTC,971400518
2019-04-29 00:00:00 UTC,1376029381
2019-01-12 00:00:00 UTC,1464641601
2019-09-27 00:00:00 UTC,1127004168
2020-12-12 00:00:00 UTC,1028829522
2020-12-22 00:00:00 UTC,1366983011
2019-11-11 00:00:00 UTC,951152411
2020-02-12 00:00:00 UTC,1189138694
2019-10-10 00:00:00 UTC,1001800192
2020-11-03 00:00:00 UTC,1258620043
2020-04-06 00:00:00 UTC,952324304
2020-01-10 00:00:00 UTC,952078761
2019-04-25 00:00:00 UTC,1399828077
2019-07-11 00:00:00 UTC,1872747085
2020-05-21 00:00:00 UTC,958968624
2020-05-12 00:00:00 UTC,1043005261
2019-03-10 00:00:00 UTC,1360883096
2019-01-17 00:00:00 UTC,1469843297
2019-02-24 00:00:00 UTC,1666327944
2019-10-29 00:00:00 UTC,1298147228
2020-09-16 00:00:00 UTC,1111314186
2019-12-02 00:00:00 UTC,885013819
2019-12-15 00:00:00 UTC,1225990161
2019-11-14 00:00:00 UTC,965677763
2019-08-19 00:00:00 UTC,1219561533
2020-02-15 00:00:00 UTC,1122440012
2019-10-13 00:00:00 UTC,843491626
2020-03-31 00:00:00 UTC,886788579
2020-01-24 00:00:00 UTC,878362309
2019-04-24 00:00:00 UTC,1593595552
2020-05-03 00:00:00 UTC,975929804
2019-01-29 00:00:00 UTC,1580516149
2020-08-17 00:00:00 UTC,1559087168
2020-10-06 00:00:00 UTC,1030081816
2020-11-11 00:00:00 UTC,1170163931
2020-04-01 00:00:00 UTC,877931282
2019-12-08 00:00:00 UTC,796433432
2020-08-28 00:00:00 UTC,956415867
2019-11-25 00:00:00 UTC,1053311319
2020-07-10 00:00:00 UTC,881832010
2020-07-06 00:00:00 UTC,919904501
2019-06-08 00:00:00 UTC,1620538587
2020-10-31 00:00:00 UTC,1123737901
2020-11-06 00:00:00 UTC,1424266585
2019-09-06 00:00:00 UTC,1208445215
2021-01-07 00:00:00 UTC,2570120094
2019-03-13 00:00:00 UTC,1979683216
2019-01-27 00:00:00 UTC,1241471759
2019-01-28 00:00:00 UTC,1597399785
2019-01-04 00:00:00 UTC,1486846271
2020-09-17 00:00:00 UTC,1005607297
2020-08-25 00:00:00 UTC,1090078851
2019-11-17 00:00:00 UTC,793148472
2020-03-13 00:00:00 UTC,1558740206
2020-01-07 00:00:00 UTC,1036944167
2019-04-15 00:00:00 UTC,1722707670
2019-04-03 00:00:00 UTC,2865811967
2019-07-20 00:00:00 UTC,1515947170
2019-07-30 00:00:00 UTC,1957300829
2020-05-23 00:00:00 UTC,858308558
2019-01-10 00:00:00 UTC,1692456290
2019-01-18 00:00:00 UTC,1512439168
2019-01-31 00:00:00 UTC,1323755642
2019-09-25 00:00:00 UTC,1316853715
2020-12-31 00:00:00 UTC,1255366513
2020-09-01 00:00:00 UTC,1362521747
2019-11-01 00:00:00 UTC,1045974631
2019-06-23 00:00:00 UTC,1764401211
2019-08-22 00:00:00 UTC,1265659963
2019-08-08 00:00:00 UTC,1881582045
2020-02-29 00:00:00 UTC,892470315
2019-09-02 00:00:00 UTC,1196611110
2019-09-10 00:00:00 UTC,1476865021
2020-06-09 00:00:00 UTC,1042117862
2019-04-18 00:00:00 UTC,1514439187
2019-01-11 00:00:00 UTC,1420192410
2019-02-17 00:00:00 UTC,1487284722
2020-11-28 00:00:00 UTC,1042670229
2020-09-20 00:00:00 UTC,919864002
2019-12-17 00:00:00 UTC,1148081144
2020-10-25 00:00:00 UTC,966165962
2020-03-11 00:00:00 UTC,882127323
2020-04-10 00:00:00 UTC,1025779658
2020-01-08 00:00:00 UTC,1036933535
2020-01-18 00:00:00 UTC,961054818
2019-05-01 00:00:00 UTC,1342349474
2019-01-24 00:00:00 UTC,1450536537
2020-08-14 00:00:00 UTC,1084957995
2021-01-18 00:00:00 UTC,37184758
2020-03-20 00:00:00 UTC,1089613649
2020-04-12 00:00:00 UTC,724837149
2020-01-22 00:00:00 UTC,901876869
2020-01-06 00:00:00 UTC,936738222
2019-02-19 00:00:00 UTC,1766411378
2020-08-04 00:00:00 UTC,1137589784
2020-12-03 00:00:00 UTC,1111733844
2020-06-25 00:00:00 UTC,943753164
2020-06-24 00:00:00 UTC,847942202
2020-07-19 00:00:00 UTC,862427463
2019-11-09 00:00:00 UTC,958102035
2019-11-20 00:00:00 UTC,906231130
2019-11-22 00:00:00 UTC,1195827418
2020-04-16 00:00:00 UTC,940633821
2019-09-11 00:00:00 UTC,1420889527
2019-09-16 00:00:00 UTC,1436354374
2020-06-18 00:00:00 UTC,863021234
2019-04-11 00:00:00 UTC,1775343901
2019-03-03 00:00:00 UTC,1335044203
2020-11-21 00:00:00 UTC,1411127951
2019-08-04 00:00:00 UTC,1829053263
2020-09-30 00:00:00 UTC,965390661
2020-09-29 00:00:00 UTC,1069597103
2020-07-03 00:00:00 UTC,861380763
2020-07-22 00:00:00 UTC,1085424162
2019-12-23 00:00:00 UTC,919956061
2020-02-13 00:00:00 UTC,1237855707
2020-11-05 00:00:00 UTC,1464312612
2020-04-09 00:00:00 UTC,848470004
2019-09-04 00:00:00 UTC,1124551340
2019-09-08 00:00:00 UTC,1141621135
2020-01-30 00:00:00 UTC,1186881823
2019-04-01 00:00:00 UTC,1731222226
2019-04-26 00:00:00 UTC,1564420873
2019-03-17 00:00:00 UTC,1315166811
2020-11-13 00:00:00 UTC,1391723437
2020-12-04 00:00:00 UTC,1194728243