f0_,f1_
2019-01-18 00:00:00 UTC,10062453
2020-08-17 00:00:00 UTC,15697717
2019-04-08 00:00:00 UTC,14316344
2019-04-02 00:00:00 UTC,20285235
2019-06-29 00:00:00 UTC,13699015
2020-09-12 00:00:00 UTC,17127775
2020-10-23 00:00:00 UTC,23944707
2019-07-15 00:00:00 UTC,15145810
2019-09-22 00:00:00 UTC,22359910
2020-03-09 00:00:00 UTC,11010340
2020-04-19 00:00:00 UTC,16309710
2020-04-06 00:00:00 UTC,10302827
2020-02-02 00:00:00 UTC,12515647
2020-02-29 00:00:00 UTC,13304895
2020-09-27 00:00:00 UTC,20087758
2020-06-04 00:00:00 UTC,21250965
2020-07-23 00:00:00 UTC,16660106
2019-07-31 00:00:00 UTC,10785738
2019-07-08 00:00:00 UTC,18618588
2020-12-23 00:00:00 UTC,16284069
2019-11-01 00:00:00 UTC,17331649
2019-11-15 00:00:00 UTC,13115367
2019-09-07 00:00:00 UTC,14547528
2019-10-12 00:00:00 UTC,10774194
2019-10-14 00:00:00 UTC,12858714
2019-12-16 00:00:00 UTC,17710135
2019-02-16 00:00:00 UTC,9325595
2020-02-21 00:00:00 UTC,10750663
2020-02-14 00:00:00 UTC,17596945
2020-05-10 00:00:00 UTC,12920128
2020-05-04 00:00:00 UTC,14214031
2020-10-16 00:00:00 UTC,19407494
2020-10-22 00:00:00 UTC,22953393
2020-10-31 00:00:00 UTC,18142918
2019-08-15 00:00:00 UTC,37343969
2019-01-03 00:00:00 UTC,10402320
2019-12-31 00:00:00 UTC,11025867
2020-08-07 00:00:00 UTC,23185828
2019-04-21 00:00:00 UTC,9482672
2020-05-07 00:00:00 UTC,14481972
2020-05-26 00:00:00 UTC,12993925
2020-05-30 00:00:00 UTC,20342195
2019-06-19 00:00:00 UTC,10517703
2020-06-09 00:00:00 UTC,18905467
2020-07-22 00:00:00 UTC,17201496
2020-07-21 00:00:00 UTC,16776489
2019-07-16 00:00:00 UTC,19508005
2020-12-28 00:00:00 UTC,20759174
2019-03-12 00:00:00 UTC,11720563
2019-09-20 00:00:00 UTC,14786863
2019-10-18 00:00:00 UTC,49352699
2019-01-17 00:00:00 UTC,7762738
2020-11-17 00:00:00 UTC,14786400
2020-11-08 00:00:00 UTC,11676615
2019-12-13 00:00:00 UTC,15922787
2020-10-07 00:00:00 UTC,16689476
2020-05-17 00:00:00 UTC,13762431
2020-09-21 00:00:00 UTC,17644780
2020-10-17 00:00:00 UTC,21323023
2019-07-22 00:00:00 UTC,16021818
2019-07-23 00:00:00 UTC,19019059
2019-03-24 00:00:00 UTC,12825375
2019-09-27 00:00:00 UTC,14038971
2020-03-04 00:00:00 UTC,9888859
2019-12-10 00:00:00 UTC,19650230
2020-10-09 00:00:00 UTC,19008745
2019-02-26 00:00:00 UTC,9801670
2019-06-22 00:00:00 UTC,18632604
2019-06-01 00:00:00 UTC,8955953
2019-06-12 00:00:00 UTC,11280187
2019-11-19 00:00:00 UTC,13208247
2019-11-30 00:00:00 UTC,15698714
2019-09-25 00:00:00 UTC,28443341
2019-09-06 00:00:00 UTC,13432317
2019-09-13 00:00:00 UTC,14103918
2020-03-01 00:00:00 UTC,12266585
2019-12-24 00:00:00 UTC,14004708
2019-12-06 00:00:00 UTC,17318533
2020-08-14 00:00:00 UTC,16622713
2019-02-18 00:00:00 UTC,12587676
2019-02-10 00:00:00 UTC,13721829
2020-05-12 00:00:00 UTC,14800509
2020-05-15 00:00:00 UTC,16273718
2020-05-22 00:00:00 UTC,19495022
2019-06-23 00:00:00 UTC,16428498
2019-06-27 00:00:00 UTC,15977618
2020-09-11 00:00:00 UTC,18578433
2020-06-03 00:00:00 UTC,15474658
2019-07-28 00:00:00 UTC,9721199
2020-12-27 00:00:00 UTC,15779347
2019-11-29 00:00:00 UTC,18175234
2019-11-18 00:00:00 UTC,13421782
2019-01-31 00:00:00 UTC,12203927
2019-01-14 00:00:00 UTC,7275124
2020-11-15 00:00:00 UTC,14168237
2019-12-23 00:00:00 UTC,16768206
2019-04-23 00:00:00 UTC,13591765
2020-07-04 00:00:00 UTC,14910921
2020-01-04 00:00:00 UTC,16079610
2020-03-19 00:00:00 UTC,18730900
2020-02-17 00:00:00 UTC,12410709
2020-10-29 00:00:00 UTC,14877715
2019-07-05 00:00:00 UTC,20203906
2020-12-05 00:00:00 UTC,17104204
2019-11-06 00:00:00 UTC,14780901
2019-09-21 00:00:00 UTC,13361332
2020-03-14 00:00:00 UTC,12590659
2019-01-30 00:00:00 UTC,11416754
2019-01-16 00:00:00 UTC,7173090
2020-04-05 00:00:00 UTC,13354327
2019-05-19 00:00:00 UTC,13804396
2020-08-11 00:00:00 UTC,14281157
2020-08-16 00:00:00 UTC,13329944
2020-01-28 00:00:00 UTC,12559773
2020-01-05 00:00:00 UTC,15261507
2020-02-15 00:00:00 UTC,21265703
2020-05-05 00:00:00 UTC,15546590
2020-05-29 00:00:00 UTC,18831451
2019-07-07 00:00:00 UTC,19605644
2020-12-18 00:00:00 UTC,16105602
2019-11-16 00:00:00 UTC,15630765
2020-03-06 00:00:00 UTC,12152085
2020-11-01 00:00:00 UTC,21384256
2020-07-13 00:00:00 UTC,14822918
2020-07-10 00:00:00 UTC,14436324
2019-02-05 00:00:00 UTC,14036086
2020-08-29 00:00:00 UTC,13388421
2020-05-13 00:00:00 UTC,19277135
2019-06-18 00:00:00 UTC,10437974
2019-06-09 00:00:00 UTC,10643721
2020-10-14 00:00:00 UTC,19262512
2020-12-20 00:00:00 UTC,17718225
2019-03-27 00:00:00 UTC,13001752
2019-03-25 00:00:00 UTC,13835924
2019-08-03 00:00:00 UTC,25408374
2019-10-07 00:00:00 UTC,11365478
2019-10-29 00:00:00 UTC,16601713
2019-05-09 00:00:00 UTC,12821115
2020-08-05 00:00:00 UTC,12645145
2019-02-01 00:00:00 UTC,14017340
2019-06-04 00:00:00 UTC,13038815
2019-11-03 00:00:00 UTC,13753034
2019-09-10 00:00:00 UTC,10678008
2020-03-05 00:00:00 UTC,13009322
2019-08-10 00:00:00 UTC,11860682
2020-04-18 00:00:00 UTC,18036748
2020-04-22 00:00:00 UTC,15967704
2021-01-15 00:00:00 UTC,28204233
2019-04-16 00:00:00 UTC,11807594
2020-03-29 00:00:00 UTC,11056921
2020-05-03 00:00:00 UTC,17703884
2020-05-11 00:00:00 UTC,15818932
2020-10-26 00:00:00 UTC,13264100
2019-10-20 00:00:00 UTC,14517198
2019-10-15 00:00:00 UTC,12813820
2019-10-24 00:00:00 UTC,14977974
2020-04-30 00:00:00 UTC,27423093
2019-12-19 00:00:00 UTC,15074763
2020-08-27 00:00:00 UTC,12960643
2020-08-22 00:00:00 UTC,12868696
2020-07-07 00:00:00 UTC,15925485
2020-07-09 00:00:00 UTC,15632182
2019-02-25 00:00:00 UTC,10340470
2020-12-21 00:00:00 UTC,21397396
2019-03-20 00:00:00 UTC,13772564
2019-03-26 00:00:00 UTC,12659483
2019-09-03 00:00:00 UTC,16269907
2019-08-31 00:00:00 UTC,14088797
2019-01-23 00:00:00 UTC,13563775
2019-01-05 00:00:00 UTC,7934734
2019-05-24 00:00:00 UTC,12511060
2019-05-27 00:00:00 UTC,20167099
2020-11-07 00:00:00 UTC,13697224
2020-08-06 00:00:00 UTC,26357619
2020-06-30 00:00:00 UTC,12492177
2019-02-28 00:00:00 UTC,9398989
2019-06-14 00:00:00 UTC,12628465
2020-09-13 00:00:00 UTC,16509348
2020-09-19 00:00:00 UTC,16427350
2020-12-01 00:00:00 UTC,16755921
2019-09-02 00:00:00 UTC,17613811
2019-05-30 00:00:00 UTC,11781737
2019-05-07 00:00:00 UTC,11647917
2020-11-21 00:00:00 UTC,15692756
2021-01-08 00:00:00 UTC,16319329
2021-01-10 00:00:00 UTC,24132754
2019-02-03 00:00:00 UTC,10365853
2020-01-13 00:00:00 UTC,31400304
2020-05-09 00:00:00 UTC,13812974
2020-09-18 00:00:00 UTC,16665516
2020-10-21 00:00:00 UTC,18716760
2020-07-28 00:00:00 UTC,16320325
2019-08-17 00:00:00 UTC,15637787
2019-08-25 00:00:00 UTC,10108144
2019-10-23 00:00:00 UTC,13685658
2019-01-06 00:00:00 UTC,9615258
2019-01-09 00:00:00 UTC,8472121
2019-05-05 00:00:00 UTC,7320658
2020-11-18 00:00:00 UTC,12625705
2019-04-25 00:00:00 UTC,11908188
2020-01-17 00:00:00 UTC,16591256
2019-06-07 00:00:00 UTC,7653214
2020-06-14 00:00:00 UTC,15268750
2020-06-13 00:00:00 UTC,14178207
2020-04-13 00:00:00 UTC,13165975
2020-11-04 00:00:00 UTC,13434586
2020-08-18 00:00:00 UTC,15905169
2019-04-24 00:00:00 UTC,12880610
2020-06-29 00:00:00 UTC,12111851
2020-06-24 00:00:00 UTC,12775151
2020-07-15 00:00:00 UTC,15357250
2020-02-07 00:00:00 UTC,13234407
2020-10-11 00:00:00 UTC,17497449
2020-12-03 00:00:00 UTC,14635277
2019-11-21 00:00:00 UTC,14915245
2019-08-18 00:00:00 UTC,13760768
2019-08-22 00:00:00 UTC,12508745
2019-08-09 00:00:00 UTC,15806606
2020-11-10 00:00:00 UTC,13510228
2019-12-04 00:00:00 UTC,15597641
2020-08-25 00:00:00 UTC,12772553
2019-04-06 00:00:00 UTC,14016799
2019-02-13 00:00:00 UTC,11419630
2019-02-02 00:00:00 UTC,13108907
2020-01-24 00:00:00 UTC,15095278
2020-03-30 00:00:00 UTC,12350865
2020-02-24 00:00:00 UTC,10957996
2020-05-06 00:00:00 UTC,15163721
2019-06-11 00:00:00 UTC,11592265
2020-09-20 00:00:00 UTC,17584732
2020-06-06 00:00:00 UTC,18690802
2020-07-27 00:00:00 UTC,15471041
2020-12-24 00:00:00 UTC,16062088
2020-12-17 00:00:00 UTC,15275391
2019-11-09 00:00:00 UTC,13062508
2019-09-12 00:00:00 UTC,13399158
2020-03-16 00:00:00 UTC,200106823
2019-08-02 00:00:00 UTC,17248988
2019-08-21 00:00:00 UTC,15655716
2020-04-12 00:00:00 UTC,11504739
2019-05-17 00:00:00 UTC,16990577
2019-12-18 00:00:00 UTC,13798814
2021-01-14 00:00:00 UTC,14181626
2021-01-11 00:00:00 UTC,18265071
2020-07-12 00:00:00 UTC,13922477
2019-02-09 00:00:00 UTC,10247136
2019-03-13 00:00:00 UTC,10131767
2019-10-02 00:00:00 UTC,10174495
2019-10-13 00:00:00 UTC,11717649
2019-01-21 00:00:00 UTC,11834977
2019-01-15 00:00:00 UTC,7708704
2019-01-04 00:00:00 UTC,9597615
2020-11-26 00:00:00 UTC,12908138
2020-10-03 00:00:00 UTC,18281490
2021-01-04 00:00:00 UTC,16529539
2020-07-14 00:00:00 UTC,14345080
2020-07-03 00:00:00 UTC,14436129
2020-01-31 00:00:00 UTC,13390927
2019-06-16 00:00:00 UTC,11820897
2020-06-12 00:00:00 UTC,18911975
2019-07-17 00:00:00 UTC,17319512
2019-11-02 00:00:00 UTC,17461463
2019-03-03 00:00:00 UTC,13310928
2020-03-12 00:00:00 UTC,10468885
2019-10-21 00:00:00 UTC,13358980
2019-01-27 00:00:00 UTC,12593793
2020-07-08 00:00:00 UTC,14637208
2020-01-02 00:00:00 UTC,11731844
2020-01-26 00:00:00 UTC,11300189
2020-01-25 00:00:00 UTC,9951715
2020-03-18 00:00:00 UTC,19476840
2020-08-30 00:00:00 UTC,12314207
2020-05-27 00:00:00 UTC,15425428
2019-06-30 00:00:00 UTC,14079039
2019-06-15 00:00:00 UTC,10931393
2020-10-24 00:00:00 UTC,18401227
2019-03-23 00:00:00 UTC,9363343
2019-08-16 00:00:00 UTC,13283517
2019-01-19 00:00:00 UTC,11270070
2020-04-24 00:00:00 UTC,22825026
2020-04-26 00:00:00 UTC,14419421
2019-12-01 00:00:00 UTC,17765857
2020-08-10 00:00:00 UTC,15012982
2020-08-03 00:00:00 UTC,17949455
2019-04-01 00:00:00 UTC,14591898
2019-04-17 00:00:00 UTC,13805337
2020-06-27 00:00:00 UTC,11734190
2020-03-25 00:00:00 UTC,14687329
2020-07-30 00:00:00 UTC,15433842
2020-07-26 00:00:00 UTC,21342259
2020-06-17 00:00:00 UTC,14601870
2019-09-19 00:00:00 UTC,17843669
2019-08-04 00:00:00 UTC,14483719
2020-04-02 00:00:00 UTC,14980715
2019-12-07 00:00:00 UTC,20908748
2020-08-08 00:00:00 UTC,16649818
2020-08-20 00:00:00 UTC,14698670
2020-06-28 00:00:00 UTC,12487983
2020-07-01 00:00:00 UTC,14996382
2020-01-30 00:00:00 UTC,14040498
2020-03-27 00:00:00 UTC,13318349
2020-02-08 00:00:00 UTC,14757412
2020-02-01 00:00:00 UTC,11210614
2020-08-31 00:00:00 UTC,15334444
2020-10-12 00:00:00 UTC,19190730
2020-12-02 00:00:00 UTC,13192658
2019-11-25 00:00:00 UTC,20500471
2020-06-19 00:00:00 UTC,12431009
2019-09-09 00:00:00 UTC,13910329
2019-09-30 00:00:00 UTC,12118001
2020-09-06 00:00:00 UTC,14212297
2020-04-09 00:00:00 UTC,15149807
2020-11-02 00:00:00 UTC,18669725
2019-12-08 00:00:00 UTC,18008034
2020-10-02 00:00:00 UTC,18124492
2019-04-05 00:00:00 UTC,17276613
2020-02-05 00:00:00 UTC,14013019
2019-06-08 00:00:00 UTC,11285891
2019-11-22 00:00:00 UTC,14408035
2019-11-12 00:00:00 UTC,18964674
2019-09-26 00:00:00 UTC,9150461
2020-09-04 00:00:00 UTC,19703107
2019-05-22 00:00:00 UTC,15239551
2019-05-03 00:00:00 UTC,10544475
2019-05-08 00:00:00 UTC,11049357
2020-11-03 00:00:00 UTC,13246464
2020-11-29 00:00:00 UTC,14185778
2019-12-14 00:00:00 UTC,13694400
2020-10-08 00:00:00 UTC,14855639
2021-01-16 00:00:00 UTC,19503182
2020-06-22 00:00:00 UTC,17125614
2019-02-20 00:00:00 UTC,12514036
2020-01-20 00:00:00 UTC,15680888
2020-05-31 00:00:00 UTC,20646243
2019-06-05 00:00:00 UTC,8656482
2020-09-24 00:00:00 UTC,13719776
2020-09-28 00:00:00 UTC,16810789
2020-06-01 00:00:00 UTC,17929071
2020-06-16 00:00:00 UTC,17583147
2020-10-27 00:00:00 UTC,12159269
2020-10-30 00:00:00 UTC,14524183
2020-07-17 00:00:00 UTC,13375651
2019-07-14 00:00:00 UTC,10911998
2019-10-30 00:00:00 UTC,16965307
2019-01-11 00:00:00 UTC,8653611
2019-05-23 00:00:00 UTC,13851140
2020-11-25 00:00:00 UTC,17978297
2021-01-05 00:00:00 UTC,18747566
2020-01-14 00:00:00 UTC,18339551
2020-06-10 00:00:00 UTC,22187968
2020-10-25 00:00:00 UTC,15992064
2019-07-03 00:00:00 UTC,23533658
2019-07-26 00:00:00 UTC,9664143
2020-12-10 00:00:00 UTC,16861950
2019-03-14 00:00:00 UTC,10741117
2019-03-22 00:00:00 UTC,11070728
2019-09-04 00:00:00 UTC,16732020
2019-08-08 00:00:00 UTC,68540862
2020-10-06 00:00:00 UTC,18671965
2021-01-06 00:00:00 UTC,19113266
2021-01-03 00:00:00 UTC,18623626
2020-06-25 00:00:00 UTC,13004420
2019-02-04 00:00:00 UTC,11823086
2020-02-12 00:00:00 UTC,17664601
2019-03-16 00:00:00 UTC,10306140
2019-09-24 00:00:00 UTC,26809286
2019-08-01 00:00:00 UTC,14820435
2019-10-26 00:00:00 UTC,15892605
2019-01-02 00:00:00 UTC,8242512
2019-05-10 00:00:00 UTC,17025837
2020-11-30 00:00:00 UTC,13763129
2020-11-09 00:00:00 UTC,14951529
2019-12-11 00:00:00 UTC,18414072
2019-12-30 00:00:00 UTC,14865816
2020-08-02 00:00:00 UTC,17778249
2020-08-21 00:00:00 UTC,12720669
2019-04-27 00:00:00 UTC,10110552
2020-07-06 00:00:00 UTC,15842280
2020-01-09 00:00:00 UTC,13851703
2020-06-07 00:00:00 UTC,15629693
2020-12-14 00:00:00 UTC,16722825
2019-03-06 00:00:00 UTC,14229810
2019-10-10 00:00:00 UTC,15706916
2019-01-12 00:00:00 UTC,7987666
2020-04-08 00:00:00 UTC,10719975
2020-04-21 00:00:00 UTC,14495936
2020-04-01 00:00:00 UTC,13185536
2019-12-27 00:00:00 UTC,17261499
2019-12-02 00:00:00 UTC,16444401
2020-07-11 00:00:00 UTC,17428226
2020-01-27 00:00:00 UTC,12786527
2020-02-09 00:00:00 UTC,12455959
2020-02-27 00:00:00 UTC,12802070
2020-09-17 00:00:00 UTC,15582966
2020-09-09 00:00:00 UTC,24626763
2019-11-27 00:00:00 UTC,13811738
2019-03-04 00:00:00 UTC,14210741
2019-03-19 00:00:00 UTC,11100264
2019-10-19 00:00:00 UTC,14911682
2020-04-23 00:00:00 UTC,11143569
2019-12-15 00:00:00 UTC,12949795
2020-08-09 00:00:00 UTC,16939439
2019-02-11 00:00:00 UTC,13530473
2020-02-13 00:00:00 UTC,16015837
2020-06-08 00:00:00 UTC,15436793
2019-07-02 00:00:00 UTC,19205000
2020-12-30 00:00:00 UTC,14792380
2019-11-07 00:00:00 UTC,12918741
2019-08-24 00:00:00 UTC,10767061
2019-10-25 00:00:00 UTC,14124333
2019-01-28 00:00:00 UTC,11275625
2020-04-16 00:00:00 UTC,17404538
2020-04-27 00:00:00 UTC,11645939
2020-11-11 00:00:00 UTC,16765673
2019-12-03 00:00:00 UTC,12981442
2020-08-01 00:00:00 UTC,16532327
2020-08-13 00:00:00 UTC,14630461
2021-01-17 00:00:00 UTC,27307843
2019-04-10 00:00:00 UTC,19572187
2019-04-11 00:00:00 UTC,14606172
2019-02-27 00:00:00 UTC,9702697
2020-05-02 00:00:00 UTC,16328742
2019-07-20 00:00:00 UTC,13178508
2019-07-30 00:00:00 UTC,10456970
2020-12-16 00:00:00 UTC,16494962
2019-11-11 00:00:00 UTC,17706536
2020-03-08 00:00:00 UTC,8476473
2020-08-23 00:00:00 UTC,15022390
2020-08-12 00:00:00 UTC,14037302
2020-10-05 00:00:00 UTC,21579698
2019-04-29 00:00:00 UTC,8354674
2020-02-28 00:00:00 UTC,13717692
2020-02-04 00:00:00 UTC,12076738
2020-05-23 00:00:00 UTC,15053253
2019-07-04 00:00:00 UTC,24240787
2019-07-25 00:00:00 UTC,10650098
2020-12-06 00:00:00 UTC,16735406
2020-03-13 00:00:00 UTC,13265508
2019-05-04 00:00:00 UTC,9440832
2019-05-12 00:00:00 UTC,17740060
2019-05-29 00:00:00 UTC,14493247
2019-12-17 00:00:00 UTC,15371682
2019-12-26 00:00:00 UTC,15454715
2020-08-26 00:00:00 UTC,15271778
2019-02-24 00:00:00 UTC,11411386
2020-03-20 00:00:00 UTC,14903169
2020-05-25 00:00:00 UTC,14423217
2020-05-08 00:00:00 UTC,16477989
2020-09-25 00:00:00 UTC,14099665
2019-07-29 00:00:00 UTC,10311228
2019-03-29 00:00:00 UTC,14920161
2019-09-05 00:00:00 UTC,13090237
2019-09-18 00:00:00 UTC,17514620
2019-08-20 00:00:00 UTC,14777054
2019-08-05 00:00:00 UTC,14762519
2020-09-08 00:00:00 UTC,19331954
2019-01-08 00:00:00 UTC,8542850
2020-04-03 00:00:00 UTC,12921616
2019-05-31 00:00:00 UTC,12857152
2020-11-12 00:00:00 UTC,17281470
2019-12-28 00:00:00 UTC,16489007
2019-04-14 00:00:00 UTC,11775462
2019-04-18 00:00:00 UTC,12645186
2020-01-22 00:00:00 UTC,14774748
2020-01-21 00:00:00 UTC,17583903
2019-06-26 00:00:00 UTC,16007092
2020-09-30 00:00:00 UTC,18891943
2019-07-12 00:00:00 UTC,15128061
2019-07-01 00:00:00 UTC,18256663
2020-12-22 00:00:00 UTC,19154848
2019-03-09 00:00:00 UTC,10985383
2020-03-07 00:00:00 UTC,12594624
2020-03-02 00:00:00 UTC,15130331
2019-08-23 00:00:00 UTC,12899770
2019-08-30 00:00:00 UTC,14031455
2019-10-31 00:00:00 UTC,17071854
2019-10-06 00:00:00 UTC,10728303
2019-01-10 00:00:00 UTC,6532543
2019-05-06 00:00:00 UTC,12047941
2021-01-02 00:00:00 UTC,19288295
2020-06-20 00:00:00 UTC,14156637
2019-02-22 00:00:00 UTC,14313618
2020-01-07 00:00:00 UTC,13799942
2020-05-28 00:00:00 UTC,15169671
2020-09-14 00:00:00 UTC,19282976
2020-06-15 00:00:00 UTC,17388272
2020-07-31 00:00:00 UTC,19866888
2020-12-26 00:00:00 UTC,16269245
2019-11-08 00:00:00 UTC,12386836
2019-11-28 00:00:00 UTC,17878467
2019-11-10 00:00:00 UTC,14029753
2019-03-01 00:00:00 UTC,14540225
2019-08-11 00:00:00 UTC,12269315
2020-04-15 00:00:00 UTC,13300792
2019-05-14 00:00:00 UTC,17565949
2019-04-22 00:00:00 UTC,12319396
2019-04-30 00:00:00 UTC,12844888
2020-06-23 00:00:00 UTC,14424646
2019-02-23 00:00:00 UTC,12567890
2020-03-21 00:00:00 UTC,16560201
2019-06-25 00:00:00 UTC,16615580
2020-12-08 00:00:00 UTC,15319785
2019-11-14 00:00:00 UTC,14424755
2019-08-26 00:00:00 UTC,14170581
2020-09-01 00:00:00 UTC,13935322
2020-04-20 00:00:00 UTC,12700686
2019-12-20 00:00:00 UTC,16020919
2020-08-24 00:00:00 UTC,15981647
2020-01-29 00:00:00 UTC,16472275
2020-01-11 00:00:00 UTC,18630404
2020-01-01 00:00:00 UTC,11896936
2020-01-03 00:00:00 UTC,12408013
2020-03-26 00:00:00 UTC,13021427
2020-10-28 00:00:00 UTC,12894970
2019-07-06 00:00:00 UTC,16858611
2019-11-13 00:00:00 UTC,14111236
2020-09-03 00:00:00 UTC,18962228
2019-01-07 00:00:00 UTC,11001621
2019-05-11 00:00:00 UTC,20769617
2020-11-22 00:00:00 UTC,12955088
2019-12-25 00:00:00 UTC,17750994
2019-04-04 00:00:00 UTC,20467682
2020-02-18 00:00:00 UTC,15961582
2020-02-26 00:00:00 UTC,16459663
2019-06-03 00:00:00 UTC,11636598
2020-10-13 00:00:00 UTC,21142492
2020-07-25 00:00:00 UTC,18820641
2019-03-10 00:00:00 UTC,8966314
2019-08-12 00:00:00 UTC,14485351
2019-08-27 00:00:00 UTC,14542173
2019-10-27 00:00:00 UTC,15977969
2019-05-21 00:00:00 UTC,12310856
2019-12-21 00:00:00 UTC,16285803
2020-10-01 00:00:00 UTC,21203144
2019-04-28 00:00:00 UTC,8025619
2020-01-10 00:00:00 UTC,18309279
2020-03-24 00:00:00 UTC,10696140
2020-02-19 00:00:00 UTC,13475741
2019-06-21 00:00:00 UTC,14483176
2020-06-02 00:00:00 UTC,17060092
2020-10-20 00:00:00 UTC,22753986
2020-12-15 00:00:00 UTC,15741054
2019-03-11 00:00:00 UTC,9723771
2019-03-05 00:00:00 UTC,12104054
2019-09-08 00:00:00 UTC,11447093
2020-04-14 00:00:00 UTC,12859503
2020-04-07 00:00:00 UTC,10617299
2019-05-13 00:00:00 UTC,14253052
2019-05-28 00:00:00 UTC,15983215
2020-10-04 00:00:00 UTC,20960973
2019-02-06 00:00:00 UTC,16014488
2020-01-15 00:00:00 UTC,22633706
2020-03-23 00:00:00 UTC,11171234
2019-06-17 00:00:00 UTC,11246982
2019-07-27 00:00:00 UTC,10810498
2019-07-18 00:00:00 UTC,16390976
2020-12-19 00:00:00 UTC,16963770
2019-03-28 00:00:00 UTC,10646031
2020-06-18 00:00:00 UTC,21271075
2019-08-28 00:00:00 UTC,16144859
2019-10-17 00:00:00 UTC,18851813
2019-01-29 00:00:00 UTC,11141425
2020-04-10 00:00:00 UTC,15359770
2019-05-25 00:00:00 UTC,14798558
2019-12-05 00:00:00 UTC,16069993
2020-08-28 00:00:00 UTC,12731699
2021-01-13 00:00:00 UTC,12757044
2019-04-19 00:00:00 UTC,12720887
2019-02-17 00:00:00 UTC,10651661
2020-02-20 00:00:00 UTC,15863143
2019-11-26 00:00:00 UTC,15232980
2019-03-30 00:00:00 UTC,11981825
2019-08-29 00:00:00 UTC,15775933
2020-11-13 00:00:00 UTC,18210005
2019-04-09 00:00:00 UTC,13859021
2020-07-05 00:00:00 UTC,15773937
2020-02-16 00:00:00 UTC,14340989
2019-06-06 00:00:00 UTC,9000073
2019-06-20 00:00:00 UTC,9561119
2020-09-23 00:00:00 UTC,14600744
2020-09-22 00:00:00 UTC,18730421
2020-10-18 00:00:00 UTC,22263101
2019-07-09 00:00:00 UTC,20729916
2019-03-08 00:00:00 UTC,10875613
2020-04-04 00:00:00 UTC,14394528
2019-05-16 00:00:00 UTC,15193594
2019-12-12 00:00:00 UTC,16887184
2021-01-09 00:00:00 UTC,17255911
2020-06-26 00:00:00 UTC,14898336
2020-05-01 00:00:00 UTC,22619214
2020-05-24 00:00:00 UTC,13321997
2019-07-11 00:00:00 UTC,17516191
2020-12-25 00:00:00 UTC,15308670
2019-11-17 00:00:00 UTC,12815584
2019-03-31 00:00:00 UTC,15174349
2019-09-01 00:00:00 UTC,14186273
2019-09-28 00:00:00 UTC,13870040
2020-03-15 00:00:00 UTC,145955841
2019-10-04 00:00:00 UTC,11298111
2020-04-25 00:00:00 UTC,14700224
2020-11-20 00:00:00 UTC,17488796
2019-04-03 00:00:00 UTC,20971066
2019-02-07 00:00:00 UTC,14029007
2020-05-16 00:00:00 UTC,19398564
2019-07-24 00:00:00 UTC,8609821
2020-12-11 00:00:00 UTC,14639205
2019-10-16 00:00:00 UTC,12811321
2020-11-23 00:00:00 UTC,18429505
2020-01-18 00:00:00 UTC,39082502
2020-05-19 00:00:00 UTC,15672149
2020-06-11 00:00:00 UTC,19178587
2019-07-19 00:00:00 UTC,14481809
2020-12-13 00:00:00 UTC,13947466
2019-09-16 00:00:00 UTC,12012494
2019-08-07 00:00:00 UTC,137847789
2020-04-29 00:00:00 UTC,19009816
2019-05-01 00:00:00 UTC,12520352
2020-11-14 00:00:00 UTC,16014889
2020-07-16 00:00:00 UTC,14672690
2019-02-15 00:00:00 UTC,11249436
2020-03-31 00:00:00 UTC,9168495
2020-02-06 00:00:00 UTC,13022872
2020-05-20 00:00:00 UTC,16644634
2019-06-24 00:00:00 UTC,16327338
2019-06-13 00:00:00 UTC,13978115
2020-09-16 00:00:00 UTC,16897538
2019-09-15 00:00:00 UTC,15950757
2019-08-14 00:00:00 UTC,15675047
2019-10-28 00:00:00 UTC,13059522
2020-09-07 00:00:00 UTC,19959995
2019-01-24 00:00:00 UTC,14653944
2020-04-11 00:00:00 UTC,15084027
2020-11-19 00:00:00 UTC,14886878
2020-08-04 00:00:00 UTC,24216262
2021-01-01 00:00:00 UTC,17347260
2020-03-28 00:00:00 UTC,10242331
2020-02-22 00:00:00 UTC,12932890
2019-06-28 00:00:00 UTC,16309286
2020-07-29 00:00:00 UTC,17612308
2019-07-10 00:00:00 UTC,20777847
2019-11-20 00:00:00 UTC,15830949
2019-10-05 00:00:00 UTC,9930311
2019-10-01 00:00:00 UTC,11052635
2019-10-03 00:00:00 UTC,10764006
2020-09-02 00:00:00 UTC,15125789
2020-04-28 00:00:00 UTC,14198614
2019-02-08 00:00:00 UTC,12183486
2019-02-12 00:00:00 UTC,13981091
2020-05-21 00:00:00 UTC,16272909
2019-06-02 00:00:00 UTC,10537523
2020-07-24 00:00:00 UTC,18644362
2019-07-13 00:00:00 UTC,12705329
2020-12-29 00:00:00 UTC,21145349
2019-11-23 00:00:00 UTC,12832536
2019-09-29 00:00:00 UTC,9400189
2019-05-02 00:00:00 UTC,10944028
2019-05-18 00:00:00 UTC,10753076
2019-12-29 00:00:00 UTC,15881120
2021-01-12 00:00:00 UTC,15027080
2019-04-07 00:00:00 UTC,12048437
2020-07-02 00:00:00 UTC,14734871
2020-02-03 00:00:00 UTC,11002992
2020-05-18 00:00:00 UTC,14568544
2020-09-26 00:00:00 UTC,15235243
2020-12-31 00:00:00 UTC,15370810
2020-09-05 00:00:00 UTC,21931215
2019-01-25 00:00:00 UTC,15716747
2020-11-27 00:00:00 UTC,14271848
2019-04-26 00:00:00 UTC,15641872
2019-04-20 00:00:00 UTC,12131893
2020-02-23 00:00:00 UTC,67250158
2020-07-18 00:00:00 UTC,13073732
2020-12-09 00:00:00 UTC,17419058
2020-12-12 00:00:00 UTC,13623609
2019-03-02 00:00:00 UTC,9143773
2019-09-14 00:00:00 UTC,20025761
2020-03-03 00:00:00 UTC,11022170
2019-08-13 00:00:00 UTC,15100844
2019-08-19 00:00:00 UTC,17665592
2019-01-22 00:00:00 UTC,14525423
2020-11-05 00:00:00 UTC,14210331
2020-11-06 00:00:00 UTC,15119642
2020-11-28 00:00:00 UTC,12790533
2019-12-22 00:00:00 UTC,19007523
2019-02-19 00:00:00 UTC,13848957
2020-02-10 00:00:00 UTC,15556475
2019-06-10 00:00:00 UTC,11162188
2020-09-15 00:00:00 UTC,17547965
2020-10-10 00:00:00 UTC,19150281
2020-07-20 00:00:00 UTC,14071986
2019-11-04 00:00:00 UTC,15426486
2019-11-05 00:00:00 UTC,14887261
2019-11-24 00:00:00 UTC,14633427
2019-01-20 00:00:00 UTC,15634704
2019-01-13 00:00:00 UTC,5966854
2021-01-19 00:00:00 UTC,38219386
2019-05-15 00:00:00 UTC,13974329
2020-08-15 00:00:00 UTC,13978828
2020-08-19 00:00:00 UTC,14485723
2019-04-15 00:00:00 UTC,11495870
2020-01-08 00:00:00 UTC,49099291
2020-01-12 00:00:00 UTC,12283218
2020-03-22 00:00:00 UTC,12788230
2020-02-25 00:00:00 UTC,10577082
2020-10-19 00:00:00 UTC,19089116
2020-12-04 00:00:00 UTC,14159870
2019-03-15 00:00:00 UTC,10688008
2019-03-18 00:00:00 UTC,14004557
2019-03-17 00:00:00 UTC,8170445
2019-09-23 00:00:00 UTC,19283155
2019-09-17 00:00:00 UTC,11336998
2019-08-06 00:00:00 UTC,15646446
2019-10-22 00:00:00 UTC,13573547
2019-10-09 00:00:00 UTC,14012048
2020-11-24 00:00:00 UTC,20991692
2019-12-09 00:00:00 UTC,16475571
2019-04-12 00:00:00 UTC,13590412
2020-01-23 00:00:00 UTC,12400850
2020-02-11 00:00:00 UTC,13945052
2020-05-14 00:00:00 UTC,20264250
2020-09-29 00:00:00 UTC,17506195
2019-07-21 00:00:00 UTC,14219179
2019-03-07 00:00:00 UTC,11802598
2020-03-11 00:00:00 UTC,8591803
2019-01-26 00:00:00 UTC,14927351
2019-05-20 00:00:00 UTC,17610636
2021-01-07 00:00:00 UTC,19064600
2019-02-14 00:00:00 UTC,10777885
2019-02-21 00:00:00 UTC,14516434
2020-01-16 00:00:00 UTC,15952365
2020-06-05 00:00:00 UTC,20055808
2020-07-19 00:00:00 UTC,13146614
2019-03-21 00:00:00 UTC,15211360
2020-04-17 00:00:00 UTC,17523839
2019-05-26 00:00:00 UTC,11955635
2020-11-16 00:00:00 UTC,13992564
2021-01-18 00:00:00 UTC,16644414
2019-04-13 00:00:00 UTC,13678064
2020-06-21 00:00:00 UTC,16116541
2020-01-19 00:00:00 UTC,14434869
2020-01-06 00:00:00 UTC,13116940
2020-09-10 00:00:00 UTC,17615068
2020-10-15 00:00:00 UTC,20560951
2020-12-07 00:00:00 UTC,15710707
2019-09-11 00:00:00 UTC,10722566
2020-03-17 00:00:00 UTC,11771458
2020-03-10 00:00:00 UTC,10285655
2019-10-08 00:00:00 UTC,13584865
2019-10-11 00:00:00 UTC,12654223
