close_price,ewm_cross_signal,fng_class,mfi,google_search,vader_compound,mining_difficulty,gas_price,total_transfers,prediction_price,actual_day_positive_move,predicted_day_positive_move,Correct Call Count
119.52,1.0,-0.5,0.2576858580212409,0.041237113402061855,0.0,0.41000159804159475,0.0037893836154603722,0.19351303966688582,,False,False,True
121.18,1.0,-0.5,0.40693124650642815,0.041237113402061855,0.0,0.4269286433377185,0.003408018683502645,0.1529695375849222,,True,False,False
120.58,1.0,0.0,0.31456120737842364,0.041237113402061855,0.0,0.41090954824225684,0.004772588624742452,0.18255533640149021,,False,False,True
119.37,1.0,0.0,0.3454443823365008,0.041237113402061855,0.0,0.40283959249559625,0.00789089830443666,0.16721455182993641,,False,False,True
120.48,1.0,-0.5,0.45905533817775296,0.041237113402061855,0.0,0.4011847825354853,0.005012782146323698,0.15844838921761997,,True,False,False
121.51,1.0,-0.5,0.40762996087199554,0.041237113402061855,0.0,0.413190408239248,0.003977617538233368,0.10256410256410256,,True,False,False
132.34,1.0,-0.5,0.47051425377305756,0.041237113402061855,0.0,0.4036547017732723,0.004012286162014414,0.17707648476879245,,True,False,False
144.71,1.0,0.5,0.5067076579094466,0.041237113402061855,0.0,0.41168837957992305,0.007458188371354548,0.31404777558623714,,True,False,False
142.84,1.0,0.5,0.3356623812185578,0.041237113402061855,0.0,0.44227923565827815,0.2604459494773722,0.28774928774928776,,False,False,True
147.71,1.0,0.5,0.431805477920626,0.041237113402061855,0.0,0.43771697175777996,0.007161346441260731,0.2296734604426912,,True,False,False
144.17,1.0,0.5,0.30631637786472893,0.041237113402061855,0.0,0.43907480569856266,0.006914793591276282,0.21981152750383517,,False,False,True
146.94,1.0,0.5,0.3288149804359978,0.041237113402061855,0.0,0.4334216035241115,0.006352667559049286,0.21542844619767695,,True,False,False
157.5,1.0,0.5,0.4552822806036892,0.041237113402061855,0.0,0.4637721212583421,0.004723311638155544,0.15187376725838264,,True,False,False
131.56,1.0,0.5,0.34041363890441584,0.041237113402061855,0.0,0.4512227649183053,0.007501884414306348,0.29980276134122286,,False,False,True
137.54,1.0,0.0,0.5102012297372833,0.010309278350515464,0.0,0.4423108920461371,0.008809221640688664,0.39294323909708523,,True,False,False
135.71,1.0,-0.5,0.40832867523756283,0.010309278350515464,0.0,0.4490198369206655,0.008651535805185679,0.19022572868726711,,False,False,True
134.11,1.0,-0.5,0.41307993292342093,0.010309278350515464,0.0,0.4484718813227928,0.007546139357508711,0.30418584264738113,,False,False,True
134.52,1.0,-0.5,0.48239239798770256,0.010309278350515464,0.0,0.4501950242616496,0.00938209154771989,0.24282270436116588,,True,False,False
134.79,1.0,-0.5,0.4899385131358301,0.010309278350515464,0.0,0.42867132650042095,0.005246021365400115,0.188034188034188,,True,False,False
132.23,1.0,-0.5,0.46003353828954724,0.010309278350515464,0.0,0.43267967829893167,0.004280512995422029,0.1474906859522244,,False,False,True
129.81,1.0,-0.5,0.4273337059809949,0.010309278350515464,0.0,0.42764049746459076,0.0036680635555397675,0.17050186280955512,,False,False,True
125.1,-1.0,-0.5,0.36039686975964225,0.010309278350515464,0.0,0.42280352123588705,0.006211420925673009,0.25925925925925924,,False,False,True
136.49,1.0,-0.5,0.5174678591391839,0.010309278350515464,0.49,0.42960987748775803,0.006500325389043707,0.24063116370808676,,True,False,False
136.92,1.0,-0.5,0.5083845723868083,0.010309278350515464,0.0,0.4296921982984956,0.006562545316148252,0.22638614946307253,,True,False,False
136.11,1.0,0.5,0.519564002235886,0.010309278350515464,0.0,0.43076096687843146,0.006192198743287267,0.21761998685075606,,False,False,True
132.74,1.0,0.0,0.45458356623812185,0.010309278350515464,0.0,0.43314100752339685,0.0058333273984067955,0.24830155599386367,,False,False,True
136.45,1.0,0.5,0.46003353828954724,0.010309278350515464,0.0,0.42154464435005,0.00460025339689579,0.18474687705456935,,True,False,False
134.67,1.0,0.5,0.5283678032420347,0.010309278350515464,0.0,0.4311645605991058,0.003548376814196146,0.1726934034626342,,False,False,True
131.7,1.0,0.5,0.364169927333706,0.010309278350515464,0.0,0.42221779005199944,0.004677623047259426,0.254876177953101,,False,False,True
132.91,1.0,0.5,0.5085243152599217,0.010309278350515464,0.0,0.4195359278659873,0.0049564942973644305,0.24391847468770544,,True,False,False
131.12,-1.0,0.0,0.4857462269424259,0.010309278350515464,0.0,0.4128583156309165,0.004695082522923144,0.21104536489151873,,False,False,True
131.4,-1.0,0.5,0.43613750698714365,0.010309278350515464,0.0,0.41715235216754976,0.00421970079190566,0.23515231207538898,,True,False,False
135.89,1.0,0.5,0.4259362772498602,0.010309278350515464,0.0,0.41885644580531667,0.003879692364227651,0.22419460880999342,,True,False,False
140.4,1.0,0.0,0.49021799888205697,0.010309278350515464,0.0,0.43305529718106617,0.002748254174601143,0.1957045803199649,,True,False,False
138.02,1.0,0.5,0.4555617663499162,0.010309278350515464,0.0,0.4284367177782635,0.005336934376784321,0.1759807144422529,,False,False,True
136.85,1.0,0.5,0.45486305198434873,0.0,0.0,0.420696902625145,0.14386105874878957,0.26912119219811526,,False,False,True
137.96,1.0,0.5,0.42551704863051976,0.0,0.0,0.40633548579000156,0.00686422296776757,0.19241726934034625,,True,False,False
138.82,1.0,0.5,0.3430687534935718,0.0,0.0,0.4240735873888554,0.005984097073042228,0.3008985316677624,,True,False,False
134.3,1.0,0.5,0.40511458915595305,0.0,0.0,0.4158495369164983,0.007171886408611862,0.25816348893271973,,False,False,True
135.78,1.0,0.5,0.5058692006707657,0.0,0.0,0.41372539797074054,0.006301158930668374,0.21214113521805827,,True,False,False
136.67,1.0,0.0,0.45612073784237,0.0,0.0,0.41321158462068874,0.0040113789166227815,0.26473811089195703,,True,False,False
135.25,1.0,-0.5,0.4554220234768026,0.0,0.0,0.4164271176186363,0.0038346314687575643,0.1803637957484111,,False,False,True
132.93,-1.0,-0.5,0.46939631078814975,0.030927835051546393,0.0,0.41542196811633403,0.00660293811218258,0.29980276134122286,,False,False,True
133.29,-1.0,-0.5,0.44158747903856904,0.030927835051546393,0.0,0.39882196592810454,0.00671699994637257,0.26364234056541747,,True,False,False
139.15,1.0,-0.5,0.5549189491335942,0.030927835051546393,0.0,0.3976113441673602,0.007097660584248146,0.23624808240192854,,True,False,False
137.35,1.0,0.0,0.460871995528228,0.030927835051546393,0.0,0.3953344474918554,0.006096452326416812,0.23953539338154722,,False,False,True
142.71,1.0,0.0,0.4111235326998323,0.030927835051546393,0.0,0.39892664325011423,0.006492772919389101,0.26802542187157574,,True,False,False
142.01,1.0,0.5,0.2910844046953605,0.030927835051546393,0.0,0.38132445028542433,0.005045505438709637,0.2614507999123383,,False,False,True
141.29,1.0,0.5,0.34041363890441584,0.030927835051546393,0.0,0.38534882244325797,0.00486168544684476,0.2220030681569143,,False,False,True
141.05,1.0,0.5,0.3806595863610956,0.030927835051546393,0.0,0.4067377388994826,0.0072614608147885725,0.25268463730002194,,False,False,True
164.62,1.0,0.5,0.37367244270542205,0.030927835051546393,0.0,0.3993423213704953,0.009782885134583287,0.435678281832128,,True,False,False
161.3,1.0,0.5,0.11920067076579091,0.030927835051546393,0.0,0.39612349083712795,0.01242446916166386,0.44115713346482577,,False,False,True
157.51,1.0,0.5,0.0043320290665175894,0.030927835051546393,0.0,0.40812954268994617,0.008070802470672064,0.30309007232084156,,False,False,True
165.72,1.0,0.5,0.0916713247624371,0.030927835051546393,0.0,0.40999401572846167,0.0055921295083246276,0.28007889546351084,,True,False,False
165.44,1.0,0.5,0.038569032979318026,0.030927835051546393,0.0,0.4169665531633833,0.0037971176926657967,0.18912995836072757,,False,False,True
174.71,1.0,0.5,0.15162101732811623,0.030927835051546393,0.0,0.41377762011445646,0.004432141726078136,0.24830155599386367,,True,False,False
180.54,1.0,0.5,0.22861934041363888,0.020618556701030927,0.0,0.41197681958086607,0.006925243184660226,0.40061363138286216,,True,False,False
175.9,1.0,0.5,0.1368082727780883,0.020618556701030927,0.0,0.4174465417655817,0.006310954268925173,0.3523997370151216,,False,False,True
177.54,1.0,0.5,0.16126327557294576,0.020618556701030927,0.0,0.4256320508863842,0.009429010444181839,0.2965154503616042,,True,False,False
164.89,1.0,0.5,0.13610955841252093,0.020618556701030927,0.0,0.42452016005408266,0.007907158921650111,0.3063773833004602,,False,False,True
164.42,1.0,-0.5,0.09656232532140861,0.020618556701030927,0.0,0.42336835419526475,0.0065726292613391794,0.2603550295857988,,False,False,True
163.7,1.0,0.5,0.09153158188932366,0.020618556701030927,0.0,0.4324783693959354,0.004490752771583492,0.15406530791146175,,False,False,True
167.98,1.0,0.0,0.12297372833985468,0.020618556701030927,0.0,0.43563336661412366,0.0033987132571415323,0.17378917378917377,,True,False,False
160.6,1.0,0.5,0.11486864169927331,0.020618556701030927,0.0,0.4357378840966989,0.004556596546170202,0.26473811089195703,,False,False,True
166.37,1.0,0.0,0.14393515930687537,0.020618556701030927,0.0,0.4268194898010812,0.005192156786458958,0.22748191978961207,,True,False,False
166.58,1.0,0.5,0.24958077138065957,0.020618556701030927,0.0,0.41682313441736674,0.0060296231801226065,0.2296734604426912,,True,False,False
174.04,1.0,0.5,0.4111235326998323,0.020618556701030927,0.0,0.41644283618782646,0.006868664599672064,0.27350427350427353,,True,False,False
173.52,1.0,0.5,0.28675237562884287,0.020618556701030927,0.0,0.4260452014780333,0.0059847278629449885,0.23734385272846809,,False,False,True
173.75,1.0,0.5,0.3694801565120178,0.020618556701030927,0.0,0.418553520390403,0.0040290088375964424,0.19022572868726711,,True,False,False
169.9,1.0,0.5,0.2649524874231414,0.020618556701030927,0.0,0.4257812100304946,0.0037880758859329877,0.20447074293228137,,False,False,True
171.56,1.0,0.5,0.2386808272778088,0.020618556701030927,0.0,0.43032932984753147,0.006092122343104622,0.24830155599386367,,True,False,False
170.51,1.0,0.5,0.3126048071548351,0.020618556701030927,0.0,0.41863564776192247,0.006704545033939682,0.2855577470962086,,False,False,True
165.72,1.0,0.5,0.2186975964225824,0.020618556701030927,0.0,0.41533192256797336,0.006593435482410505,0.36664475126013585,,False,False,True
152.09,-1.0,0.5,0.23923979877026266,0.020618556701030927,0.0,0.4197190980851494,0.005333720324585173,0.33048433048433046,,False,False,True
153.05,-1.0,-0.5,0.4140581330352152,0.020618556701030927,0.0,0.41839642375752817,0.006425455526930739,0.4806048652202498,,True,False,False
155.73,-1.0,-0.5,0.5197037451089994,0.020618556701030927,0.0,0.4309352771519643,0.0030240541214613037,0.19460880999342536,,True,False,False
153.56,-1.0,-0.5,0.4666014533258804,0.020618556701030927,0.0,0.42263255101823455,0.003225608790903496,0.23953539338154722,,False,False,True
152.29,-1.0,-0.5,0.4822526551145891,0.030927835051546393,0.0,0.4320384913980139,0.004448233830412523,0.321718167872014,,False,False,True
160.36,-1.0,-0.5,0.4636668529904975,0.030927835051546393,0.0,0.4347029561333552,0.00532483097427294,0.30966469428007887,,True,False,False
158.55,-1.0,0.0,0.36864169927333706,0.030927835051546393,0.0,0.4363241293595355,0.004966350880246157,0.27131273285119434,,False,False,True
158.81,-1.0,0.0,0.3831749580771381,0.030927835051546393,0.0,0.4319672475820095,0.02938891752385141,0.21542844619767695,,True,False,False
164.52,1.0,0.5,0.4840693124650643,0.030927835051546393,0.0,0.4220541702701107,0.005623566534222891,0.2614507999123383,,True,False,False
161.95,1.0,0.5,0.38051984348798207,0.030927835051546393,0.0,0.4473424189314841,0.004178826053955084,0.20118343195266272,,False,False,True
161.34,1.0,0.5,0.37171604248183343,0.030927835051546393,0.0,0.439848003338736,0.004032442593351615,0.18912995836072757,,False,False,True
171.2,1.0,0.5,0.3460033538289547,0.09278350515463918,0.0,0.42833212549316024,0.005761355100144641,0.3129520052596976,,True,False,False
166.23,1.0,0.5,0.2969536053661263,0.09278350515463918,0.0,0.4374609866910617,0.006816060741548627,0.35568704799474027,,False,False,True
169.51,1.0,0.5,0.44200670765790945,0.09278350515463918,0.0,0.43027395133592766,0.005845225937346781,0.3271970195047118,,True,False,False
169.96,1.0,0.5,0.5648406931246507,0.09278350515463918,0.0,0.43237984623291414,0.00598555161749525,0.29541968003506464,,True,False,False
172.09,1.0,0.5,0.5403856903297932,0.09278350515463918,0.0,0.4358586045154052,0.0069572386925034115,0.2976112206881437,,True,False,False
192.3,1.0,1.0,0.5630240357741755,0.09278350515463918,0.0,0.43859705194744203,0.0065730772880624976,0.47731755424063116,,True,False,False
188.17,1.0,0.5,0.36291224147568474,0.09278350515463918,0.0,0.4468645899056037,0.006119364486259859,0.29980276134122286,,False,False,True
195.8,1.0,1.0,0.4884013415315818,0.041237113402061855,0.0,0.43936843447958723,0.0096013220652195,0.41814595660749504,,True,False,False
217.0,1.0,1.0,0.5528228060368922,0.041237113402061855,0.0,0.45754291853574347,0.010543016126095314,0.37102783256629407,,True,False,False
249.21,1.0,1.0,0.6686696478479598,0.041237113402061855,0.0,0.4627934184558978,0.014140133432211266,0.465264080648696,,True,False,False
264.73,1.0,0.5,0.7411961989938513,0.041237113402061855,0.0,0.45331788967295006,0.02112363098161795,0.7567389875082183,,True,False,False
244.44,1.0,0.5,0.46995528228060374,0.041237113402061855,0.0,0.4816823167903745,0.015400183147153673,0.4893710278325663,,False,False,True
234.01,1.0,0.5,0.3823365008384572,0.041237113402061855,0.0,0.48996938048601907,0.01019528728897869,0.23405654174884943,,False,False,True
261.18,1.0,0.5,0.43068753493571826,0.041237113402061855,0.0,0.4774024359595201,0.0098427824185227,0.24611001534078458,,True,False,False
252.3,1.0,0.5,0.37590832867523755,0.041237113402061855,0.0,0.46948889605688665,0.013554955194859558,0.33048433048433046,,False,False,True
255.0,1.0,0.5,0.4404695360536612,0.041237113402061855,0.0,0.46038931674742756,0.009809145800962206,0.29541968003506464,,True,False,False
243.2,1.0,0.5,0.37954164337618773,0.041237113402061855,0.0,0.46618997912069665,0.014860064972541234,0.3008985316677624,,False,False,True
245.67,1.0,0.5,0.3975684740078255,0.041237113402061855,0.0,0.4576587523334668,0.012095860630220966,0.321718167872014,,True,False,False
249.68,1.0,0.5,0.4088876467300167,0.041237113402061855,0.0,0.45197181479797827,0.013900987735809578,0.25597194827964054,,True,False,False
252.05,1.0,0.5,0.40958636109558416,0.041237113402061855,0.0,0.46425554393380936,0.009337352285004125,0.188034188034188,,True,False,False
268.26,1.0,0.5,0.4847680268306316,0.041237113402061855,0.0,0.4565806971429388,0.006753700455246019,0.2515888669734823,,True,False,False
271.1,1.0,0.5,0.4765231973169368,0.020618556701030927,0.0,0.47058416068337666,0.01421610602158943,0.34253780407626555,,True,False,False
271.67,1.0,0.5,0.4604527669088876,0.020618556701030927,0.0,0.4557147969646072,0.014108645850377135,0.26473811089195703,,True,False,False
269.5,1.0,0.5,0.3802403577417552,0.020618556701030927,0.0,0.4901061451696709,0.016713427411559005,0.4049967126890204,,False,False,True
254.49,1.0,0.5,0.25866405813303517,0.020618556701030927,0.0,0.4775586444037831,0.016391565231508552,0.3841770764847688,,False,False,True
267.56,1.0,0.5,0.5085243152599217,0.020618556701030927,0.0,0.4809771683631407,0.014178031297575232,0.36664475126013585,,True,False,False
264.86,1.0,0.5,0.6006148686416992,0.020618556701030927,0.0,0.4752191115014951,0.012977228567865472,0.18912995836072757,,False,False,True
269.27,1.0,0.5,0.5846841811067635,0.020618556701030927,0.0,0.48604043316079387,0.008652275331586105,0.15844838921761997,,True,False,False
249.83,1.0,0.5,0.6658747903856903,0.030927835051546393,0.0,0.4600754669818481,0.011925319365453508,0.29980276134122286,,False,False,True
241.13,1.0,-0.5,0.5150922302962548,0.030927835051546393,0.0,0.46819635274761373,0.012797809647391193,0.3436335744028052,,False,False,True
245.88,1.0,-0.5,0.6974566797093349,0.030927835051546393,0.0,0.4563846580353174,0.01146283791157381,0.358974358974359,,True,False,False
249.29,1.0,-0.5,0.7052822806036892,0.030927835051546393,0.0,0.479063435600062,0.00982304526104913,0.20775805391190005,,True,False,False
249.5,1.0,-0.5,0.7136668529904975,0.030927835051546393,0.0,0.4750605027047484,0.009477328583281246,0.20775805391190005,,True,False,False
244.48,1.0,0.5,0.6192006707657909,0.030927835051546393,0.0,0.4615261395782605,0.019348894545799557,0.12228796844181461,,False,False,True
231.25,-1.0,0.5,0.560229178311906,0.030927835051546393,0.0,0.45446979006746824,0.006999662292869646,0.18145956607495067,,False,False,True
247.82,1.0,-0.5,0.5617663499161542,0.05154639175257732,0.0,0.4618686725021604,0.019818017479362224,0.25816348893271973,,True,False,False
245.17,1.0,0.5,0.47233091112353265,0.05154639175257732,0.0,0.45897282884819357,0.014720789758607885,0.22529037913653296,,False,False,True
262.5,1.0,0.5,0.5444382336500838,0.05154639175257732,0.0,0.45586645591206,0.008059748908185822,0.25268463730002194,,True,False,False
255.15,1.0,0.5,0.49650642817216323,0.05154639175257732,0.0,0.45201373135074085,0.008252141260283286,0.28336620644312954,,False,False,True
263.83,1.0,0.5,0.46967579653437674,0.05154639175257732,0.0,0.4527989572983765,0.011723022819653671,0.2822704361165899,,True,False,False
269.44,1.0,0.5,0.5757406372275014,0.05154639175257732,0.0,0.45098905620500784,0.01656577806240366,0.3808897655051501,,True,False,False
268.58,1.0,1.0,0.5096422582448294,0.05154639175257732,0.0,0.4549111110572504,0.009683325358522787,0.30418584264738113,,False,False,True
273.74,1.0,1.0,0.5732252655114588,0.09278350515463918,0.0,0.4552075838268723,0.018423581011657943,0.24063116370808676,,True,False,False
264.65,1.0,1.0,0.5915315818893236,0.09278350515463918,0.0,0.4554988119582802,0.01178545668844791,0.29980276134122286,,False,False,True
268.91,1.0,1.0,0.5396869759642258,0.09278350515463918,0.0,0.46329516850465224,0.01363759443250812,0.3129520052596976,,True,False,False
271.99,1.0,1.0,0.5155114589155952,0.09278350515463918,0.0,0.4579116715689213,0.020879548677692598,0.24063116370808676,,True,False,False
296.08,1.0,1.0,0.49790385690329797,0.09278350515463918,0.0,0.45101521494507635,0.009388387971566195,0.3162393162393162,,True,False,False
308.54,1.0,1.0,0.6394633873672442,0.09278350515463918,0.0,0.4540085302887107,0.008985404245852422,0.29322813938198555,,True,False,False
305.99,1.0,1.0,0.5564561207378423,0.09278350515463918,0.0,0.45768939338472636,0.009057311072791915,0.21871575717729563,,False,False,True
310.44,1.0,1.0,0.5670765790944662,0.041237113402061855,0.0,0.47166084592907714,0.011240022196634324,0.2614507999123383,,True,False,False
316.88,1.0,1.0,0.6565120178870877,0.041237113402061855,0.0,0.47466594957425623,0.01861046513112976,0.29980276134122286,,True,False,False
334.51,1.0,1.0,0.6672722191168249,0.041237113402061855,0.0,0.4956705233996502,0.016368922220634047,0.39294323909708523,,True,False,False
293.68,1.0,1.0,0.526411403018446,0.041237113402061855,0.0,0.4899314872894934,0.018028446232826123,0.3896559281174666,,False,False,True
309.79,1.0,0.5,0.6053661263275573,0.041237113402061855,0.0,0.4811224143316508,0.019610588200401048,0.27898312513697127,,True,False,False
317.0,1.0,0.5,0.6103968697596422,0.041237113402061855,0.0,0.49904530984599,0.010393283127693883,0.2658338812184966,,True,False,False
289.5,1.0,1.0,0.5691727221911682,0.041237113402061855,0.0,0.4978416843085702,0.010512693471535935,0.20008766162612315,,False,False,True
293.51,1.0,0.5,0.5719675796534377,0.12371134020618557,0.0,0.49300439068001295,0.020485837309546534,0.25268463730002194,,True,False,False
291.24,1.0,0.5,0.5442984907769703,0.12371134020618557,0.0,0.4981239147472799,0.014511513118568426,0.23734385272846809,,False,False,True
302.1,1.0,1.0,0.5599496925656792,0.12371134020618557,0.0,0.4834581591003399,0.00926801495038934,0.21104536489151873,,True,False,False
282.57,1.0,1.0,0.5206819452207937,0.12371134020618557,0.0,0.4799614138459964,0.008086004804187625,0.1759807144422529,,False,False,True
287.6,1.0,0.5,0.5202627166014533,0.12371134020618557,0.0,0.4818227074326569,0.012717680588609424,0.1628314705237782,,True,False,False
287.65,1.0,0.5,0.4891000558971492,0.12371134020618557,0.0,0.4960491125087934,0.009967900948209955,0.1091387245233399,,True,False,False
306.47,1.0,0.5,0.5707098937954164,0.12371134020618557,0.0,0.49343047705423615,0.004428819546337256,0.14091606399298706,,True,False,False
313.67,1.0,0.5,0.5540804918949134,0.14432989690721648,0.0,0.4847989510069194,0.012357788094557245,0.17817225509533202,,True,False,False
307.95,1.0,1.0,0.49063722750139743,0.14432989690721648,0.0,0.4991828394577541,0.0095334541274945,0.4510190664036818,,False,False,True
288.46,1.0,1.0,0.4214645053102291,0.14432989690721648,0.0,0.4980920299339633,0.007878392283187683,0.25597194827964054,,False,False,True
268.49,-1.0,0.5,0.5265511458915595,0.14432989690721648,0.0,0.5105485983338489,0.018712024937774255,0.39184746877054566,,False,False,True
275.48,-1.0,-0.5,0.4347400782560089,0.14432989690721648,0.0,0.5101296681320535,0.009211655718640062,0.188034188034188,,True,False,False
269.18,-1.0,0.5,0.3383174958077138,0.14432989690721648,0.0,0.51095963663503,0.004929612458882465,0.09818102125794434,,False,False,True
237.11,-1.0,0.5,0.3907210732252655,0.14432989690721648,0.0,0.5236500309193297,0.007697783529546878,0.22638614946307253,,False,False,True
228.13,-1.0,-1.0,0.24790385690329794,0.010309278350515464,0.0,0.5130542255394293,0.010048966577062399,0.31843085689239536,,False,False,True
198.67,-1.0,-0.5,0.25,0.010309278350515464,0.0,0.4918986370917803,0.02526360840709576,0.26473811089195703,,False,False,True
211.5,-1.0,-1.0,0.28060368921185014,0.010309278350515464,0.25,0.5082047411240413,0.016827242686073912,0.30309007232084156,,True,False,False
226.3,-1.0,-0.5,0.39994410285075455,0.010309278350515464,0.0,0.5158740181924338,0.0075035448304402,0.24720578566732412,,True,False,False
221.45,-1.0,-0.5,0.30617663499161535,0.010309278350515464,0.0,0.4959038258175661,0.014592515853929493,0.20118343195266272,,False,False,True
228.87,-1.0,-0.5,0.30883174958077136,0.010309278350515464,0.0,0.512148123490958,0.0050059984134991605,0.13543721236028927,,True,False,False
225.47,-1.0,-0.5,0.2662101732811626,0.010309278350515464,0.0,0.4990871878814062,0.004458163270828726,0.10585141354372124,,False,False,True
217.27,-1.0,-0.5,0.21590273896031295,0.010309278350515464,0.0,0.49648057060750517,0.006112717456053969,0.16392724085031776,,False,False,True
212.05,-1.0,-0.5,0.22624371157070985,0.010309278350515464,0.0,0.5045713810064223,0.0066368610206017,0.15625684856454086,,False,False,True
216.51,-1.0,-1.0,0.2868921185019564,0.010309278350515464,0.0,0.5048294349414811,0.018417252845703305,0.15625684856454086,,True,False,False
219.16,-1.0,-0.5,0.392956959195081,0.010309278350515464,0.0,0.4974109926915899,0.01843643513679107,0.1650230111768573,,True,False,False
219.24,-1.0,-1.0,0.354108440469536,0.010309278350515464,0.0,0.49840967852175766,0.006721929084355449,0.26364234056541747,,True,False,False
207.11,-1.0,0.0,0.35718278367803247,0.010309278350515464,0.0,0.5157803881304984,0.004976539647423866,0.11023449484987946,,False,False,True
211.07,-1.0,-1.0,0.4288708775852431,0.010309278350515464,0.0,0.5101203351662967,0.004075629995258849,0.09116809116809117,,True,False,False
210.69,-1.0,-1.0,0.47847959754052544,0.010309278350515464,0.0,0.5038778993337851,0.00695006912925597,0.17159763313609466,,False,False,True
209.8,-1.0,-1.0,0.5505869200670765,0.010309278350515464,0.0,0.5182395554587906,0.008163944264231669,0.1726934034626342,,False,False,True
218.68,-1.0,-0.5,0.45262716601453323,0.010309278350515464,0.0,0.5025792856456734,0.007731779291644868,0.168310322156476,,True,False,False
217.38,-1.0,0.5,0.3039407490217999,0.010309278350515464,0.0,0.49086508426284187,0.017146100413628157,0.30418584264738113,,False,False,True
217.8,-1.0,0.5,0.4547233091112353,0.010309278350515464,0.0,0.5045746057842045,0.010935516739381075,0.19460880999342536,,True,False,False
221.82,-1.0,0.5,0.4237003912800447,0.010309278350515464,0.0,0.5121702964678345,0.014126705356138096,0.12228796844181461,,True,False,False
222.9,-1.0,0.5,0.5212409167132476,0.010309278350515464,0.0,0.5196653431161229,0.0036967101493185286,0.09062020600482139,,True,False,False
233.0,-1.0,0.5,0.6071827836780324,0.010309278350515464,0.0,0.5256705539992717,0.007472120874828089,0.29432390970852507,,True,False,False
226.1,-1.0,0.5,0.606484069312465,0.010309278350515464,0.0,0.5271062958789186,0.007645241077769667,0.23405654174884943,,False,False,True
225.97,-1.0,-0.5,0.4763834544438233,0.010309278350515464,0.0,0.5307269223223328,0.0073974402044275685,0.17926802542187156,,False,False,True
220.85,-1.0,0.5,0.3408328675237563,0.010309278350515464,0.0,0.5245446173625037,0.007746763467468874,0.22090729783037472,,False,False,True
210.3,-1.0,0.5,0.2057015092230296,0.010309278350515464,0.0,0.5219284857809485,0.008553391466009369,0.18912995836072757,,False,False,True
206.05,-1.0,0.5,0.21590273896031295,0.010309278350515464,0.0,0.5359039275120304,0.006043164027958737,0.1343414420337497,,False,False,True
216.28,-1.0,-0.5,0.1678311906092789,0.010309278350515464,0.0,0.5243312509128377,0.004790885301844062,0.1146175761560377,,True,False,False
211.2,-1.0,0.0,0.17523756288429287,0.010309278350515464,0.0,0.532250380734509,0.008027390463993082,0.15077799693184307,,False,False,True
208.6,-1.0,-0.5,0.19508105086640581,0.010309278350515464,0.0,0.5302165112969607,0.013321081358578317,0.1650230111768573,,False,False,True
186.2,-1.0,-1.0,0.11277249860257127,0.010309278350515464,0.0,0.5247175829889114,0.007703402829689012,0.23296077142230986,,False,False,True
188.06,-1.0,-1.0,0.24301285634432643,0.010309278350515464,0.0,0.5277644551452993,0.008790224639824784,0.2702169625246548,,True,False,False
185.5,-1.0,-0.5,0.1450531022917831,0.010309278350515464,0.0,0.5235482373805844,0.007409038907393433,0.20994959456497916,,False,False,True
185.63,-1.0,-1.0,0.15930687534935717,0.010309278350515464,0.0,0.5398090031621385,0.004838375954999933,0.11900065746219592,,True,False,False
194.57,-1.0,-1.0,0.1352711011738401,0.010309278350515464,0.0,0.5180842881152475,0.005036153694200967,0.12009642778873547,,True,False,False
202.27,-1.0,-0.5,0.143236444941308,0.010309278350515464,0.0,0.5159810346908752,0.009116921779835946,0.1726934034626342,,True,False,False
196.44,-1.0,-0.5,0.15357741755170484,0.010309278350515464,0.0,0.5122406778327294,0.009206857279819382,0.24830155599386367,,False,False,True
187.27,-1.0,-1.0,0.18837339295695915,0.010309278350515464,0.0,0.509667345667632,0.011496366164299115,0.17926802542187156,,False,False,True
190.45,-1.0,-1.0,0.3004471771939631,0.010309278350515464,0.0,0.49395917726589883,0.010256484567289304,0.18145956607495067,,True,False,False
194.36,-1.0,-0.5,0.4397708216880939,0.010309278350515464,0.0,0.5073832514080412,0.00935343846780479,0.18255533640149021,,True,False,False
190.96,-1.0,-0.5,0.4394913359418669,0.010309278350515464,0.0,0.49878547044324056,0.007583952831963019,0.12228796844181461,,False,False,True
186.72,-1.0,-0.5,0.3492174399105646,0.010309278350515464,0.0,0.5043556802833998,0.008274923913962078,0.11900065746219592,,False,False,True
188.35,-1.0,-0.5,0.4355785354946898,0.0,0.0,0.5067432641107296,0.012881511904882804,0.18912995836072757,,True,False,False
187.07,-1.0,-0.5,0.4038569032979318,0.0,0.0,0.48908030530431085,0.010382676875537787,0.1606399298706991,,False,False,True
172.81,-1.0,-0.5,0.422023476802683,0.0,0.0,0.4951279513616016,0.009927162696815086,0.19351303966688582,,False,False,True
168.82,-1.0,-1.0,0.2622973728339854,0.0,0.0,0.5137013587959168,0.010230292222099922,0.20556651325882092,,False,False,True
168.25,-1.0,-1.0,0.2762716601453325,0.0,0.0,0.5155058875772702,0.009744676071847841,0.2066622835853605,,False,False,True
171.92,-1.0,-1.0,0.24538848518725548,0.0,0.0,0.5103663644710094,0.008546101613080472,0.254876177953101,,True,False,False
171.38,-1.0,-1.0,0.1949413079932923,0.0,0.0,0.5055905861096618,0.009347578983116282,0.11790488713565636,,False,False,True
178.84,-1.0,-0.5,0.19032979318054774,0.0,0.0,0.5117938036198719,0.011860430820024364,0.17926802542187156,,True,False,False
179.12,-1.0,-0.5,0.28828954723309114,0.0,0.0,0.5164666158196085,0.010728501841497455,0.26802542187157574,,True,False,False
175.02,-1.0,-0.5,0.2650922302962549,0.0,0.0,0.5045148957713296,0.009876667882530036,0.19460880999342536,,False,False,True
174.0,-1.0,-0.5,0.1468697596422582,0.0,0.0,0.5116917674421989,0.014786061541598136,0.16940609248301555,,False,False,True
169.15,-1.0,-0.5,0.021101173840134126,0.0,0.0,0.4918835046290673,0.014718285301349443,0.1836511067280298,,False,False,True
178.25,-1.0,-0.5,0.13904415874790385,0.0,0.0,0.5197604537524577,0.011705306523107995,0.19241726934034625,,True,False,False
181.61,-1.0,-0.5,0.22875908328675235,0.0,0.0,0.518938150490112,0.012439332181015847,0.15406530791146175,,True,False,False
180.89,-1.0,-0.5,0.14030184460592507,0.020618556701030927,0.0,0.5119825395705678,0.016421185321776815,0.19680035064650447,,False,False,True
180.06,-1.0,-0.5,0.13890441587479035,0.020618556701030927,0.0,0.512272243782249,0.015949178720316738,0.14639491562568485,,False,False,True
178.47,-1.0,-0.5,0.13541084404695358,0.020618556701030927,0.0,0.5167504239286986,0.015827200898336235,0.188034188034188,,False,False,True
180.99,-1.0,-0.5,0.25852431525992176,0.020618556701030927,0.0,0.532566536947641,0.017821912359083154,0.15406530791146175,,True,False,False
181.25,-1.0,-0.5,0.34530463946338735,0.020618556701030927,0.0,0.5198323935579745,0.014047110698773653,0.19789612097304402,,True,False,False
188.68,-1.0,-0.5,0.32685858021240916,0.020618556701030927,0.0,0.5307558006564358,0.014899210597356459,0.11352180582949814,,True,False,False
189.45,1.0,-0.5,0.42090553381777523,0.020618556701030927,0.0,0.5256013995085917,0.014561711477186184,0.12886259040105197,,True,False,False
197.72,1.0,-0.5,0.4274734488541084,0.0,0.0,0.5417429177767149,0.01805104273487305,0.24063116370808676,,True,False,False
207.88,1.0,-0.5,0.48812185578535494,0.0,0.0,0.554662153544195,0.019742630494243657,0.24830155599386367,,True,False,False
210.23,1.0,-0.5,0.6519005030743432,0.0,0.0,0.565396461574981,0.02253634422365361,0.27131273285119434,,True,False,False
220.79,1.0,-0.5,0.7685858021240916,0.0,0.23,0.5462118380092944,0.02322229006477622,0.19789612097304402,,True,False,False
218.1,1.0,-0.5,0.6151481274455003,0.0,0.0,0.5571941624036584,0.02300485882216277,0.18912995836072757,,False,False,True
214.94,1.0,-0.5,0.5149524874231414,0.0,0.0,0.5715628651236679,0.014186476365410863,0.09927679158448391,,False,False,True
211.07,1.0,-0.5,0.4396310788149804,0.0,0.0,0.5578818950469014,0.011608036559575147,0.10037256191102345,,False,False,True
200.77,1.0,-0.5,0.436836221352711,0.010309278350515464,0.0,0.5731587790181255,0.01728523796164264,0.1803637957484111,,False,False,True
166.28,-1.0,-0.5,0.4171324762437116,0.010309278350515464,0.0,0.548548483901559,0.023158428480951076,0.34911242603550297,,False,False,True
169.92,-1.0,-1.0,0.5693124650642817,0.010309278350515464,0.0,0.562360838147568,0.02688988998979038,0.28774928774928776,,True,False,False
165.88,-1.0,-1.0,0.4763834544438233,0.010309278350515464,0.0,0.5717182721213875,0.017527380625169425,0.28665351742274814,,False,False,True
174.46,-1.0,-1.0,0.5201229737283398,0.010309278350515464,0.0,0.5607194431328832,0.01679231919131155,0.22309883848345385,,True,False,False
173.96,-1.0,-0.5,0.4661822247065399,0.010309278350515464,0.0,0.5682765285705887,0.014052772457535627,0.15954415954415951,,False,False,True
169.36,-1.0,-0.5,0.41699273337059806,0.010309278350515464,0.0,0.5605657709761973,0.014316402273690713,0.1244795090948937,,False,False,True
181.53,-1.0,-0.5,0.4227221911682504,0.0,0.0,0.5597921697768498,0.015535800784920046,0.2724085031777339,,True,False,False
176.49,-1.0,-0.5,0.32224706539966463,0.0,0.0,0.5608847006181455,0.008505747962124588,0.17050186280955512,,False,False,True
180.88,-1.0,-0.5,0.3022638345444383,0.0,0.0,0.5437920040725353,0.008146641868106362,0.12119219811527505,,True,False,False
174.79,-1.0,-0.5,0.21813862493012856,0.0,0.0,0.5403296313943314,0.009247556368363045,0.0937979399517861,,False,False,True
175.82,-1.0,-0.5,0.3411123532699832,0.0,0.0,0.5467412607722836,0.008864979239255472,0.10694718387026081,,True,False,False
176.58,-1.0,-0.5,0.4081889323644494,0.0,0.0,0.5473340636745653,0.007931389847139729,0.07856673241288627,,True,False,False
170.33,-1.0,-0.5,0.4264952487423141,0.0,0.0,0.5494269804317452,0.006358819416656944,0.08919570458031996,,False,False,True
180.42,-1.0,-0.5,0.5002794857462269,0.0,0.84,0.5431031020604337,0.00809876230782995,0.1398202936664475,,True,False,False
181.0,-1.0,-0.5,0.5983789826718837,0.0,0.0,0.5396406734067802,0.009786515802343855,0.16392724085031776,,True,False,False
193.5,1.0,-0.5,0.5060089435438793,0.0,0.0,0.5357610047877498,0.012736220685572893,0.18693841770764846,,True,False,False
191.56,1.0,-0.5,0.5204024594745668,0.0,0.0,0.5458902725985161,0.010687252094304805,0.14420337497260574,,False,False,True
180.83,1.0,-0.5,0.3982671883733929,0.0,0.0,0.560391250683357,0.010164581494217942,0.1452991452991453,,False,False,True
179.93,-1.0,-0.5,0.3912800447177194,0.0,0.0,0.5422834082559224,0.008078523817425147,0.11790488713565636,,False,False,True
181.09,-1.0,-0.5,0.45933482392397984,0.0,0.0,0.5588236103561438,0.007290160998488165,0.0735261889108043,,True,False,False
186.78,1.0,-0.5,0.44410285075461153,0.0,0.0,0.5482356613319084,0.008970490016080296,0.21214113521805827,,True,False,False
180.52,-1.0,-0.5,0.49692565679150363,0.0,0.0,0.577296833108823,0.009673413072156587,0.13105413105413105,,False,False,True
174.39,-1.0,-0.5,0.35257126886528783,0.0,0.0,0.5623348580070484,0.00916521135717209,0.14639491562568485,,False,False,True
177.42,-1.0,-0.5,0.4397708216880939,0.0,0.0,0.5579907605052479,0.009006313598806976,0.11571334648257726,,True,False,False
173.0,-1.0,-0.5,0.33692006707657907,0.0,0.0,0.5417975487813016,0.009750223016686172,0.17050186280955512,,False,False,True
171.83,-1.0,-0.5,0.24441028507546117,0.0,0.0,0.562318670943322,0.008352113396254943,0.08064869603331143,,False,False,True
175.55,-1.0,-0.5,0.29863051984348793,0.0,0.0,0.5628175495321893,0.008495956206544501,0.11571334648257726,,True,False,False
174.48,-1.0,-0.5,0.20640022358859691,0.0,0.0,0.5411073519969376,0.009599257272146638,0.13324567170721016,,False,False,True
171.29,-1.0,-0.5,0.09209055338177752,0.0,0.0,0.545749636251011,0.011593189058915798,0.13105413105413105,,False,False,True
162.37,-1.0,-0.5,0.004052543320290653,0.0,0.0,0.5647565296471704,0.014239621196159164,0.26473811089195703,,False,False,True
160.87,-1.0,-1.0,0.0,0.0,0.0,0.5481200786619213,0.01050233215245724,0.254876177953101,,False,False,True
181.83,-1.0,-1.0,0.08887646730016768,0.0,0.0,0.5273293162932242,0.011603509376105995,0.20118343195266272,,True,False,False
180.22,-1.0,0.0,0.07727780883174955,0.0,0.0,0.543104119103116,0.011065773834644866,0.23843962305500768,,False,False,True
184.0,1.0,0.0,0.20737842370039122,0.0,0.0,0.5300950409732136,0.00835673486160538,0.1168091168091168,,True,False,False
182.0,1.0,0.0,0.1485466741196199,0.0,0.0,0.5339466009770275,0.01121415667967379,0.3271970195047118,,False,False,True
191.13,1.0,0.0,0.21981553940749016,0.0,0.0,0.5358335340876652,0.011135866346414879,0.20118343195266272,,True,False,False
183.54,1.0,0.0,0.22316936836221352,0.0,0.0,0.5440759954847025,0.0112252391132849,0.17488494411571331,,False,False,True
182.45,1.0,0.0,0.12982112912241475,0.0,0.0,0.5456163723312982,0.011615313956726641,0.1726934034626342,,False,False,True
183.23,1.0,0.0,0.2069591950810509,0.0,0.0,0.5509805175184913,0.01018826952187681,0.13762875301336838,,True,False,False
183.0,1.0,0.0,0.22889882615986587,0.0,0.0,0.5402209723250292,0.00700743788878916,0.0868945868945869,,False,False,True
181.56,1.0,0.5,0.1847400782560089,0.0,0.0,0.5413073015695846,0.006879458528326828,0.10037256191102345,,False,False,True
186.19,1.0,0.0,0.22708216880939072,0.010309278350515464,0.0,0.5292721243470828,0.009252185437251979,0.1803637957484111,,True,False,False
188.7,1.0,0.0,0.2945779765231973,0.010309278350515464,0.0,0.5361715591847783,0.01004445959581186,0.23076923076923075,,True,False,False
191.06,1.0,0.0,0.36808272778088313,0.010309278350515464,0.0,0.5432616788901932,0.008856754257663782,0.13214990138067062,,True,False,False
186.34,1.0,0.0,0.4267747344885411,0.010309278350515464,0.0,0.5414544221280226,0.015398653254187813,0.1168091168091168,,False,False,True
183.64,1.0,-0.5,0.35508664058133027,0.010309278350515464,0.0,0.5371379282814847,0.008960280427071742,0.1420118343195266,,False,False,True
184.85,1.0,-0.5,0.5054499720514254,0.010309278350515464,0.0,0.5388972072696864,0.007314558494761839,0.07670392285776902,,True,False,False
188.9,1.0,-0.5,0.36752375628842926,0.010309278350515464,0.0,0.5385009585749733,0.007052685047075674,0.07243041858426474,,True,False,False
184.68,1.0,-0.5,0.3974287311347121,0.010309278350515464,0.0,0.5299737107210677,0.009750711237399335,0.12009642778873547,,False,False,True
186.93,1.0,-0.5,0.3725544997205142,0.010309278350515464,0.0,0.5382885774530931,0.009506794957564166,0.168310322156476,,True,False,False
187.75,1.0,-0.5,0.5159306875349358,0.010309278350515464,0.0,0.5489906904706113,0.009991774459894662,0.12667104974797283,,True,False,False
184.5,1.0,-0.5,0.5820290665176076,0.010309278350515464,0.0,0.5397233645181215,0.010247711325842644,0.10804295419680035,,False,False,True
179.86,-1.0,-0.5,0.48043599776411405,0.010309278350515464,0.0,0.5326787181997198,0.008920026095888364,0.1474906859522244,,False,False,True
182.16,-1.0,-0.5,0.6006148686416992,0.010309278350515464,0.0,0.5241732673964576,0.00620467785404364,0.07747096208634671,,True,False,False
183.77,-1.0,-0.5,0.6560927892677473,0.010309278350515464,0.0,0.5362656080589883,0.006667032844682469,0.07122507122507124,,True,False,False
177.9,-1.0,-0.5,0.596981553940749,0.0,0.0,0.5389893191101873,0.01689593388463819,0.13653298268682884,,False,False,True
175.64,-1.0,-0.5,0.48365008384572383,0.0,0.0,0.5036441070306056,0.009768600943715419,0.14420337497260574,,False,False,True
174.26,-1.0,-0.5,0.332168809390721,0.0,0.0,0.5001244307052236,0.00960116012326155,0.1299583607275915,,False,False,True
161.01,-1.0,-0.5,0.3548071548351034,0.0,0.1,0.5296541534947274,0.013881231653148276,0.1957045803199649,,False,False,True
149.79,-1.0,-1.0,0.30380100614868644,0.0,0.0,0.5150853244213406,0.021021215899295956,0.3523997370151216,,False,False,True
151.97,-1.0,-1.0,0.40735047512576855,0.0,0.0,0.5247257309103642,0.007135033954316197,0.12009642778873547,,True,False,False
140.12,-1.0,-1.0,0.3436277249860257,0.0,0.0,0.523251317498212,0.006746430622368042,0.10037256191102345,,False,False,True
146.35,-1.0,-1.0,0.43418110676355504,0.010309278350515464,0.0,0.5309030093397922,0.016222345340794322,0.30309007232084156,,True,False,False
147.75,-1.0,-1.0,0.529346003353829,0.010309278350515464,0.0,0.49177063783403296,0.010569076834165313,0.13214990138067062,,True,False,False
152.85,-1.0,-1.0,0.5220793739519284,0.010309278350515464,0.0,0.5058163120013087,0.008800326110344895,0.23076923076923075,,True,False,False
151.23,-1.0,-0.5,0.49343208496366686,0.010309278350515464,0.0,0.5062613060082681,0.007930523388883972,0.20994959456497916,,False,False,True
154.78,-1.0,-0.5,0.5500279485746227,0.010309278350515464,0.0,0.5054437293997767,0.007819281415013916,0.13653298268682884,,True,False,False
151.74,-1.0,-0.5,0.4610117384013415,0.010309278350515464,0.0,0.5121922151646969,0.006065581158808661,0.12776682007451237,,False,False,True
150.76,-1.0,-1.0,0.42803242034656236,0.010309278350515464,0.0,0.5027874318229817,0.009029343366362156,0.07582730659653736,,False,False,True
148.85,-1.0,-0.5,0.4185299049748462,0.0,0.0,0.5102044009157569,0.009596155465876806,0.17159763313609466,,False,False,True
147.37,-1.0,-0.5,0.4378144214645053,0.0,0.0,0.5169963201525732,0.007174141271821168,0.12338373876835416,,False,False,True
145.3,-1.0,-1.0,0.4554220234768026,0.0,-0.51,0.5054446064649228,0.00812050088671151,0.13762875301336838,,False,False,True
147.99,-1.0,-1.0,0.521939631078815,0.0,0.0,0.5003379215486209,0.00674349133803608,0.13543721236028927,,True,False,False
148.9,-1.0,-0.5,0.6366685299049748,0.0,0.0,0.4947072932629101,0.006100117758444543,0.13872452333990795,,True,False,False
147.37,-1.0,-0.5,0.5009782001117943,0.0,0.0,0.5134360630399435,0.003712303071586057,0.06684198991891299,,False,False,True
150.72,-1.0,-0.5,0.5762996087199553,0.0,0.0,0.4953541781289981,0.0014735731828721082,0.045364891518737675,,True,False,False
147.45,-1.0,-0.5,0.4893795416433761,0.0,0.0,0.4998059570858453,0.005619639532614815,0.11023449484987946,,False,False,True
145.58,-1.0,-0.5,0.2548910005589715,0.0,0.0,0.5194552133702787,0.00607197851310675,0.1551610782380013,,False,False,True
143.19,-1.0,-1.0,0.1442146450531023,0.0,0.0,0.4989446601542994,0.006788705865136033,0.0819636204251589,,False,False,True
144.79,-1.0,-1.0,0.26145891559530465,0.0,0.0,0.507134609801622,0.006045572508762352,0.11352180582949814,,True,False,False
144.49,-1.0,-1.0,0.12437115707098935,0.0,0.0,0.5087932611825167,0.0057589165461694155,0.10365987289064213,,False,False,True
141.77,-1.0,-0.5,0.14295695919508106,0.0,0.0,0.5187648012085825,0.004356491577027535,0.07177295638834101,,False,False,True
142.28,-1.0,-1.0,0.21324762437115705,0.0,0.0,0.5101101320141587,0.004489271999225313,0.05555555555555556,,True,False,False
132.47,-1.0,-1.0,0.22624371157070985,0.0,0.0,0.5057406818369262,0.007231747403140142,0.1551610782380013,,False,False,True
121.75,-1.0,-1.0,0.15832867523756286,0.0,0.0,0.48047420688561276,0.009062443705760752,0.27679158448389213,,False,False,True
132.88,-1.0,-1.0,0.34516489659027383,0.0,0.0,0.4572971018839489,0.010352790789174332,0.32062239754547445,,True,False,False
128.12,-1.0,-1.0,0.13792621576299605,0.0,0.0,0.4587430990365855,0.006331347538685827,0.34253780407626555,,False,False,True
128.26,-1.0,-1.0,0.1927054220234768,0.0,0.0,0.44384604334947,0.006430187562278192,0.1343414420337497,,True,False,False
127.02,-1.0,-1.0,0.1862772498602571,0.0,0.0,0.4569973211026275,0.004220650296428955,0.07703265395573088,,False,False,True
132.41,-1.0,-1.0,0.1801285634432644,0.0,0.0,0.4491647768002899,0.003605888497641729,0.0727591496822266,,True,False,False
128.0,-1.0,-0.5,0.16741196198993846,0.010309278350515464,0.0,0.4516751529177454,0.006512179839201359,0.18255533640149021,,False,False,True
127.74,-1.0,-1.0,0.160145332588038,0.010309278350515464,0.0,0.4532136888992936,0.005238296052510676,0.1168091168091168,,False,False,True
124.87,-1.0,-1.0,0.1688093907210732,0.010309278350515464,0.0,0.43976376076465185,0.004780207441188626,0.14420337497260574,,False,False,True
125.51,-1.0,-0.5,0.18529904974846279,0.010309278350515464,-0.49,0.43711068234264994,0.005133946147750074,0.11242603550295859,,True,False,False
126.25,-1.0,-0.5,0.26076020122973725,0.010309278350515464,0.0,0.4404556560340696,0.005156927911467191,0.12228796844181461,,True,False,False
127.83,-1.0,-0.5,0.32182783678032423,0.010309278350515464,0.0,0.45187291801597124,0.003937464310423948,0.09248301555993864,,True,False,False
134.31,-1.0,-0.5,0.32140860816098377,0.010309278350515464,0.0,0.45417185295852425,0.0030108295479282896,0.09598948060486523,,True,False,False
131.1,-1.0,-0.5,0.3043599776411403,0.020618556701030927,0.0,0.45014266756577526,0.00513980878503389,0.1452991452991453,,False,False,True
128.59,-1.0,-0.5,0.3462828395751817,0.020618556701030927,0.0,0.44326070249448435,0.006157159234960279,0.21104536489151873,,False,False,True
130.33,-1.0,-0.5,0.26467300167691443,0.020618556701030927,0.0,0.42958605616184503,0.0030651324155747074,0.05193951347797502,,True,False,False
126.72,-1.0,-0.5,0.3903018446059251,0.020618556701030927,0.0,0.44414099395435386,0.0029295101133196785,0.10694718387026081,,False,False,True
134.0,-1.0,-0.5,0.3385969815539407,0.020618556701030927,0.0,0.4558960102193609,0.004695113915776926,0.18693841770764846,,True,False,False
134.14,-1.0,-0.5,0.4864449413079933,0.020618556701030927,0.0,0.482557856622521,0.0030041461550949678,0.10804295419680035,,True,False,False
135.27,-1.0,-0.5,0.49399105645612074,0.020618556701030927,0.0,0.46744840588182063,0.0026199283546221182,0.08294981371904449,,True,False,False
144.34,1.0,-0.5,0.620737842370039,0.020618556701030927,0.0,0.4726402168026268,0.004986896479964846,0.16721455182993641,,True,False,False
143.2,1.0,-0.5,0.5306036892118502,0.020618556701030927,0.0,0.48698568392771413,0.0048135551271010595,0.13762875301336838,,False,False,True
140.7,1.0,0.0,0.4598937954164337,0.020618556701030927,0.0,0.47384192709734774,0.005736847696205678,0.19680035064650447,,False,False,True
137.91,1.0,-0.5,0.2829793180547792,0.020618556701030927,0.0,0.4642940626582996,0.004804190696233862,0.13105413105413105,,False,False,True
144.92,1.0,-0.5,0.29569591950810503,0.020618556701030927,0.0,0.48107047317135726,0.005724403274994642,0.12886259040105197,,True,False,False
142.62,1.0,0.0,0.2059809949692566,0.020618556701030927,0.0,0.4839495628439136,0.003990832186363558,0.13214990138067062,,False,False,True
146.5,1.0,-0.5,0.25335382895472336,0.020618556701030927,0.0,0.4776404740943708,0.003440785955427485,0.09489371027832566,,True,False,False
143.58,1.0,0.0,0.264253773057574,0.020618556701030927,0.0,0.48087105398390984,0.004137757842097415,0.1420118343195266,,False,False,True
166.19,1.0,0.5,0.33775852431525993,0.020618556701030927,0.0,0.4780730829791305,0.009879753351381327,0.26912119219811526,,True,False,False
166.31,1.0,0.0,0.49790385690329797,0.020618556701030927,0.0,0.4862942793522551,0.006188737691889557,0.2143326758711374,,True,False,False
164.17,1.0,0.5,0.4214645053102291,0.020618556701030927,0.0,0.48143130594175493,0.004948162353612086,0.16940609248301555,,False,False,True
169.59,1.0,0.0,0.4576579094466182,0.020618556701030927,0.0,0.481939798777285,0.005410715201627896,0.15844838921761997,,True,False,False
174.03,1.0,0.0,0.5174678591391839,0.020618556701030927,0.0,0.47771641720535424,0.0048619360518132,0.17378917378917377,,True,False,False
166.84,1.0,0.0,0.4210452766908888,0.020618556701030927,0.0,0.48031613397513656,0.004309097847011806,0.1146175761560377,,False,False,True
166.61,1.0,0.0,0.33985466741196196,0.020618556701030927,0.0,0.4832671975384103,0.003492360369824731,0.10037256191102345,,False,False,True
169.3,1.0,0.0,0.43921185019564,0.020618556701030927,0.0,0.4875389214341473,0.002905271060106984,0.09237343852728468,,True,False,False
167.66,1.0,0.0,0.44452207937395194,0.020618556701030927,0.0,0.4783543814231729,0.002610838473578998,0.08536050843743151,,False,False,True
162.5,1.0,0.0,0.4786193404136389,0.020618556701030927,0.0,0.48269580586591626,0.0024122226257665383,0.10694718387026081,,False,False,True
162.32,1.0,-0.5,0.41517607602012296,0.020618556701030927,0.0,0.4904114886318167,0.0013115005487688949,0.14858645627876396,,False,False,True
160.12,1.0,-0.5,0.3887646730016769,0.020618556701030927,0.0,0.4803257220129223,0.0001764489607836847,0.033859303090072325,,False,False,True
167.4,1.0,-0.5,0.38988261598658464,0.020618556701030927,0.0,0.47558511473627957,0.0,0.05172035941266711,,True,False,False
169.88,1.0,0.0,0.45234768026830624,0.030927835051546393,0.0,0.48103393895513513,0.0012729267226190234,0.10256410256410256,,True,False,False
176.41,1.0,0.0,0.4661822247065399,0.030927835051546393,0.0,0.472298012281841,0.001734097284353022,0.1146175761560377,,True,False,False
173.48,1.0,0.5,0.3068753493571828,0.030927835051546393,0.0,0.4826307407237317,0.0021015075117587967,0.12338373876835416,,False,False,True
184.34,1.0,0.5,0.4087479038569033,0.030927835051546393,0.0,0.4686912337740687,0.002642306368031046,0.13324567170721016,,True,False,False
179.68,1.0,0.5,0.26914477361654554,0.030927835051546393,0.0,0.4715651495854924,0.002766151017803773,0.19460880999342536,,False,False,True
183.41,1.0,0.5,0.21548351034097263,0.030927835051546393,0.0,0.46876761637734743,0.002516420933393963,0.10475564321718168,,True,False,False
188.25,1.0,0.5,0.30338177752934603,0.030927835051546393,0.0,0.4837097611701387,0.0022030319030882876,0.10475564321718168,,True,False,False
189.78,1.0,0.5,0.4245388485187256,0.07216494845360824,0.0,0.4805107995931356,0.003945124849694156,0.12886259040105197,,True,False,False
188.35,1.0,0.5,0.32154835103409724,0.07216494845360824,0.0,0.4886513718591319,0.003975112461653347,0.15625684856454086,,False,False,True
203.76,1.0,0.0,0.40245947456679704,0.07216494845360824,0.0,0.47922413753676096,0.005874889909954303,0.1573526188910804,,True,False,False
212.92,1.0,0.5,0.5153717160424819,0.07216494845360824,0.0,0.482483194433167,0.006271647303820265,0.23843962305500768,,True,False,False
222.91,1.0,0.5,0.6335941866964784,0.07216494845360824,0.0,0.48092470293742573,0.006713946696269297,0.24830155599386367,,True,False,False
223.27,1.0,0.5,0.7610396869759642,0.07216494845360824,0.0,0.49025711270542627,0.006089618417392294,0.12557527942143326,,True,False,False
228.64,1.0,0.5,0.7915036333147009,0.07216494845360824,0.0,0.48536866845648213,0.005193213085428237,0.12776682007451237,,True,False,False
223.0,1.0,0.5,0.6834823923979877,0.05154639175257732,0.0,0.49368211519119487,0.005893764068527202,0.18474687705456935,,False,False,True
237.83,1.0,0.0,0.7026271660145331,0.05154639175257732,0.0,0.49628877590869536,0.006368222977750798,0.1420118343195266,,True,False,False
266.4,1.0,0.5,0.7990497484628284,0.05154639175257732,0.0,0.49531961709154254,0.009281938885961715,0.28774928774928776,,True,False,False
268.64,1.0,0.5,0.8468418110676356,0.05154639175257732,0.0,0.5043746599805916,0.009304923432695159,0.23734385272846809,,True,False,False
285.96,1.0,0.5,0.9773616545556176,0.05154639175257732,0.0,0.5066909852120459,0.008762473620444964,0.19351303966688582,,True,False,False
264.92,1.0,0.5,0.8494969256567915,0.05154639175257732,0.0,0.5084978438543916,0.007995887163863303,0.1913214990138067,,False,False,True
258.82,1.0,0.5,0.7333705980994969,0.05154639175257732,0.0,0.5154581010724636,0.006863279852888005,0.168310322156476,,False,False,True
268.22,1.0,0.0,0.757685858021241,0.030927835051546393,0.0,0.5106212655667318,0.006890767077534078,0.27679158448389213,,True,False,False
282.82,1.0,0.0,0.8128842929010619,0.030927835051546393,0.0,0.5155378048565281,0.006725793448010531,0.23186500109577032,,True,False,False
258.85,1.0,0.0,0.7080771380659585,0.030927835051546393,0.0,0.5396770437951812,0.006990700493210523,0.17926802542187156,,False,False,True
257.96,1.0,-0.5,0.6168250419228618,0.030927835051546393,0.0,0.5220986564491237,0.006833599999224168,0.23296077142230986,,False,False,True
265.58,1.0,-0.5,0.6192006707657909,0.030927835051546393,0.0,0.5138499531024696,0.004283428373043516,0.17159763313609466,,True,False,False
262.48,1.0,-0.5,0.5551984348798211,0.030927835051546393,0.0,0.528351858847692,0.004156792373569757,0.08568923953539338,,False,False,True
275.73,1.0,-0.5,0.5361934041363889,0.030927835051546393,0.0,0.5255366260748551,0.006252494405661001,0.12009642778873547,,True,False,False
265.81,1.0,-0.5,0.5515651201788708,0.020618556701030927,0.0,0.5326602641864784,0.006887381504955804,0.17159763313609466,,False,False,True
246.7,1.0,-0.5,0.48001676914477365,0.020618556701030927,0.64,0.5154902848020737,0.006236041321112401,0.18912995836072757,,False,False,True
223.71,1.0,-0.5,0.39281721632196753,0.020618556701030927,0.0,0.5223665108132918,0.009209414635420547,0.2965154503616042,,False,False,True
227.5,-1.0,-0.5,0.37409167132476234,0.020618556701030927,0.0,0.5424940600101957,0.0070933394337323805,0.27898312513697127,,True,False,False
227.09,-1.0,-0.5,0.24524874231414193,0.020618556701030927,0.0,0.5280811638901267,0.006609511514198262,0.18255533640149021,,False,False,True
217.78,-1.0,-0.5,0.2555897149245388,0.020618556701030927,0.0,0.5320176993083356,0.004065075855015366,0.11023449484987946,,False,False,True
217.5,-1.0,-0.5,0.2912241475684739,0.020618556701030927,0.0,0.5250610299458541,0.004474635750884324,0.16611878150339687,,False,False,True
232.0,-1.0,-0.5,0.2490217998882057,0.041237113402061855,0.0,0.5201287714667975,0.004929295460904737,0.2614507999123383,,True,False,False
223.53,-1.0,-0.5,0.1305198434879821,0.041237113402061855,0.0,0.5216617963217818,0.005227894194739535,0.17707648476879245,,False,False,True
224.48,-1.0,-0.5,0.2293180547792062,0.041237113402061855,0.74,0.5301655134579393,0.005452439741142072,0.1474906859522244,,True,False,False
228.66,-1.0,-0.5,0.3144214645053102,0.041237113402061855,0.0,0.5266273463141846,0.006839109195951209,0.17488494411571331,,True,False,False
245.74,1.0,-0.5,0.29541643376187815,0.041237113402061855,0.0,0.5186706152930468,0.005893689893766192,0.18912995836072757,,True,False,False
237.6,1.0,-0.5,0.2912241475684739,0.041237113402061855,0.0,0.5279219568690787,0.005038383301440043,0.1146175761560377,,False,False,True
199.89,-1.0,-0.5,0.22722191168250416,0.041237113402061855,0.0,0.541152351310274,0.007295870693315524,0.18912995836072757,,False,False,True
203.38,-1.0,-1.0,0.3311906092789267,0.030927835051546393,0.0,0.5262436583754028,0.010611358884008054,0.40609248301555995,,True,False,False
200.15,-1.0,-1.0,0.3078535494689771,0.030927835051546393,0.0,0.5279411263694157,0.007473594352965706,0.2724085031777339,,False,False,True
194.81,-1.0,-1.0,0.3272778088317496,0.030927835051546393,0.0,0.5211510712284066,0.008032867415418104,0.25268463730002194,,False,False,True
108.78,-1.0,-1.0,0.15832867523756286,0.030927835051546393,0.0,0.5230705188219184,0.07446839125202054,1.0,,False,False,True
135.45,-1.0,-1.0,0.45192845164896583,0.030927835051546393,0.0,0.5067389512449479,0.0912198368407671,0.8893271970195048,,True,False,False
122.28,-1.0,-1.0,0.32937395192845165,0.030927835051546393,0.0,0.5002104574477708,0.010906520616012277,0.33267587113740954,,False,False,True
123.24,-1.0,-1.0,0.36626607043040804,0.030927835051546393,0.0,0.5037583018004788,0.008370926350031867,0.3282927898312514,,True,False,False
110.97,-1.0,-1.0,0.3017048630519843,0.020618556701030927,0.0,0.5068163819378213,0.026726522596396858,0.6712689020381327,,False,False,True
116.11,-1.0,-1.0,0.38415315818893236,0.020618556701030927,0.0,0.4915985912974789,0.01480205727642772,0.34911242603550297,,True,False,False
118.61,-1.0,-1.0,0.3854108440469536,0.020618556701030927,0.0,0.5047541221690434,0.011857366753340764,0.28884505807582733,,True,False,False
136.75,-1.0,-1.0,0.3964505310229178,0.020618556701030927,0.0,0.503286141513803,0.01685098352396964,0.4049967126890204,,True,False,False
133.5,-1.0,-1.0,0.3221073225265511,0.020618556701030927,0.0,0.49935752553515206,0.01367635081426896,0.3984220907297831,,False,False,True
132.64,-1.0,-1.0,0.2991894913359418,0.020618556701030927,0.0,0.5089789616707523,0.009966392733964099,0.16940609248301555,,False,False,True
122.38,-1.0,-1.0,0.30030743432084966,0.020618556701030927,0.0,0.4809579749770095,0.008658272882243061,0.17488494411571331,,False,False,True
136.58,-1.0,-1.0,0.28479597540525436,0.010309278350515464,0.0,0.4930118583844569,0.011218624203114334,0.27350427350427353,,True,False,False
139.22,-1.0,-1.0,0.36878144214645053,0.010309278350515464,0.0,0.5021082147682528,0.01022310912679457,0.46307253999561687,,True,False,False
136.35,-1.0,-1.0,0.36598658468418105,0.010309278350515464,0.0,0.49470372751754826,0.009808982089462329,0.23734385272846809,,False,False,True
139.01,-1.0,-1.0,0.4207657909446618,0.010309278350515464,0.0,0.5092628932232451,0.00918937351466193,0.21652421652421652,,True,False,False
131.59,-1.0,-1.0,0.21380659586361092,0.010309278350515464,0.0,0.5118617589533733,0.008311797311676165,0.1726934034626342,,False,False,True
131.38,-1.0,-1.0,0.3781442146450531,0.010309278350515464,0.0,0.5104385247558199,0.005956339109144067,0.19022572868726711,,False,False,True
124.36,-1.0,-1.0,0.32196757965343764,0.010309278350515464,0.0,0.5222017832011412,0.004732603461147998,0.1168091168091168,,False,False,True
132.28,-1.0,-1.0,0.395612073784237,0.030927835051546393,0.0,0.517324323030025,0.007262895737075147,0.1650230111768573,,True,False,False
133.1,-1.0,-1.0,0.33454443823365004,0.030927835051546393,0.0,0.5031184384385855,0.008532160761771438,0.21323690554459782,,True,False,False
135.88,-1.0,-1.0,0.29932923420905533,0.030927835051546393,0.0,0.5085127859989426,0.006865200050552593,0.14091606399298706,,True,False,False
141.48,-1.0,-1.0,0.27487423141419787,0.030927835051546393,0.0,0.5206058985832354,0.008362019936449498,0.22857769011615164,,True,False,False
141.32,-1.0,-1.0,0.31428172163219675,0.030927835051546393,0.0,0.5153871522541102,0.007873158901595276,0.22638614946307253,,False,False,True
144.4,-1.0,-1.0,0.4938513135830072,0.030927835051546393,0.0,0.5038258759746865,0.004681706285637953,0.1146175761560377,,True,False,False
142.88,-1.0,-1.0,0.5391280044717719,0.030927835051546393,0.0,0.5110111612774062,0.004335072143799909,0.09029147490685953,,False,False,True
171.64,1.0,-1.0,0.4707937395192845,0.020618556701030927,0.0,0.4882605355850309,0.010573693081017898,0.28007889546351084,,True,False,False
164.6,1.0,-1.0,0.24846282839575182,0.020618556701030927,0.0,0.5056419090490842,0.009375463314476674,0.29322813938198555,,False,False,True
173.78,1.0,-1.0,0.4399105645612073,0.020618556701030927,0.0,0.5085139192430614,0.008602103110134846,0.18474687705456935,,True,False,False
169.92,1.0,-1.0,0.3043599776411403,0.020618556701030927,0.0,0.5087060047025926,0.007694973021217115,0.15187376725838264,,False,False,True
158.17,1.0,-1.0,0.288569032979318,0.020618556701030927,0.0,0.519743293372657,0.007982069006095105,0.32281393819855353,,False,False,True
158.58,1.0,-1.0,0.4088876467300167,0.020618556701030927,0.0,0.4992405604701236,0.006073056224591632,0.09346920885382425,,True,False,False
158.72,1.0,-1.0,0.47261039686975964,0.020618556701030927,0.0,0.5220824296965039,0.0046694082988494616,0.10256410256410256,,True,False,False
156.77,1.0,-1.0,0.38149804359977635,0.041237113402061855,0.0,0.5113976987394081,0.007638622848915391,0.21542844619767695,,False,False,True
158.59,1.0,-1.0,0.40665176076020126,0.041237113402061855,0.0,0.5228393780558321,0.009126529057221675,0.1343414420337497,,True,False,False
152.62,-1.0,-1.0,0.3563443264393516,0.041237113402061855,0.0,0.5178573686663492,0.008076650865138476,0.13543721236028927,,False,False,True
172.73,1.0,-1.0,0.3613750698714365,0.041237113402061855,0.34,0.5214093975410167,0.011642075862084489,0.28446197676966906,,True,False,False
170.92,1.0,-1.0,0.3024035774175517,0.041237113402061855,0.0,0.5127979356591583,0.008616256642011174,0.168310322156476,,False,False,True
187.65,1.0,-1.0,0.31316377864728895,0.041237113402061855,0.0,0.5157826357164564,0.009036355010278354,0.17488494411571331,,True,False,False
180.22,1.0,-1.0,0.26956400223588595,0.041237113402061855,0.0,0.5041506127914686,0.007679501628469308,0.1420118343195266,,False,False,True
170.49,1.0,-1.0,0.2170206819452208,0.041237113402061855,0.0,0.502958225853,0.010990060188985483,0.26364234056541747,,False,False,True
170.99,1.0,-1.0,0.3849916154276131,0.041237113402061855,0.0,0.509502680026067,0.01090893643807106,0.21871575717729563,,True,False,False
183.16,1.0,-1.0,0.34949692565679147,0.041237113402061855,0.0,0.5064338772677409,0.01072511722796013,0.20118343195266272,,True,False,False
185.68,1.0,-1.0,0.4589155953046394,0.041237113402061855,0.0,0.518260763207899,0.011604519631034791,0.2220030681569143,,True,False,False
187.72,1.0,-1.0,0.5715483510340972,0.041237113402061855,0.0,0.5119668478166151,0.011317620951600355,0.35787858864781935,,True,False,False
194.52,1.0,-1.0,0.5781162660704303,0.041237113402061855,0.0,0.5041788678937729,0.009030820770629444,0.14420337497260574,,True,False,False
197.83,1.0,-1.0,0.6017328116266071,0.041237113402061855,0.0,0.5099385315049149,0.010146103187182455,0.13543721236028927,,True,False,False
196.84,1.0,-0.5,0.5980994969256568,0.041237113402061855,0.0,0.4976040954702318,0.011376489323070517,0.21214113521805827,,False,False,True
196.71,1.0,-0.5,0.5108999441028508,0.041237113402061855,0.0,0.49525387412627236,0.01035947699264098,0.12667104974797283,,False,False,True
215.45,1.0,-0.5,0.5659586361095584,0.041237113402061855,0.0,0.5183704720163615,0.01782984246196538,0.27788735481043175,,True,False,False
206.2,1.0,-0.5,0.45095025153717155,0.041237113402061855,0.0,0.5151205374831203,0.024273353871505556,0.3282927898312514,,False,False,True
211.88,1.0,-0.5,0.6096981553940749,0.041237113402061855,0.0,0.5336171248665333,0.011079323628973669,0.14420337497260574,,True,False,False
214.11,1.0,-0.5,0.6151481274455003,0.041237113402061855,0.0,0.5362340590224286,0.007419267194897282,0.11790488713565636,,True,False,False
209.9,1.0,-0.5,0.6538569032979318,0.041237113402061855,0.0,0.5195648288709637,0.008960843947827712,0.12228796844181461,,False,False,True
206.99,1.0,-0.5,0.6573504751257686,0.05154639175257732,0.0,0.5442964189807453,0.011221080361971298,0.16940609248301555,,False,False,True
205.62,1.0,-0.5,0.5176076020122974,0.05154639175257732,0.0,0.5448477338468223,0.011996400393215522,0.16173570019723865,,False,False,True
199.48,1.0,-0.5,0.4605925097820011,0.05154639175257732,0.0,0.5222018960526974,0.01568398919548231,0.22529037913653296,,False,False,True
212.34,1.0,0.0,0.4557015092230296,0.05154639175257732,0.0,0.5137644346953845,0.020126438831997287,0.31404777558623714,,True,False,False
211.62,1.0,0.5,0.3188932364449413,0.05154639175257732,0.0,0.5238363765444162,0.020077881725794923,0.22419460880999342,,False,False,True
210.03,1.0,0.5,0.2248462828395751,0.05154639175257732,0.64,0.5215422134062445,0.01698016589023992,0.14639491562568485,,False,False,True
188.02,1.0,0.0,0.1461710452766909,0.05154639175257732,-0.4,0.5158050375000593,0.03143270140382329,0.34144203374972604,,False,False,True
185.89,1.0,-0.5,0.1222750139742873,0.05154639175257732,0.0,0.5175487190265537,0.024125806001969948,0.24611001534078458,,False,False,True
189.72,-1.0,-0.5,0.21534376746785908,0.05154639175257732,0.0,0.5146873205572225,0.02746868695516648,0.24939732632040323,,True,False,False
200.07,1.0,-0.5,0.19060927892677473,0.05154639175257732,0.0,0.5175999901976844,0.03335676669030994,0.25816348893271973,,True,False,False
203.43,1.0,-0.5,0.2962548910005589,0.05154639175257732,0.0,0.523324110917532,0.040611122133101626,0.23296077142230986,,True,False,False
194.76,1.0,-0.5,0.13079932923420903,0.05154639175257732,0.48,0.5315312796933472,0.03359002379513327,0.1957045803199649,,False,False,True
200.5,1.0,-0.5,0.10760201229737282,0.05154639175257732,0.0,0.5171601161449997,0.025422603823488082,0.12338373876835416,,True,False,False
206.94,1.0,-0.5,0.17006707657909448,0.05154639175257732,0.0,0.5350621688793418,0.024927651178135394,0.13324567170721016,,True,False,False
214.91,1.0,0.0,0.23518725544997202,0.030927835051546393,0.0,0.516416623994132,0.03739790914096873,0.21542844619767695,,True,False,False
214.76,1.0,0.0,0.26117942984907766,0.030927835051546393,0.18,0.5078544528465562,0.033261502251496954,0.15954415954415951,,False,False,True
209.87,1.0,0.0,0.26467300167691443,0.030927835051546393,0.0,0.5269824442800015,0.03728728282105519,0.16721455182993641,,False,False,True
198.35,1.0,0.0,0.1681106763555059,0.030927835051546393,0.36,0.5124163462738144,0.05211389144385847,0.20447074293228137,,False,False,True
207.23,1.0,-0.5,0.3075740637227501,0.030927835051546393,0.0,0.508704986886033,0.03840294418785171,0.188034188034188,,True,False,False
206.71,1.0,-0.5,0.3099496925656791,0.030927835051546393,0.0,0.5259305382847027,0.021399284204937093,0.16611878150339687,,False,False,True
199.53,1.0,-0.5,0.31679709334823924,0.030927835051546393,0.0,0.5246340492547683,0.027668969640428472,0.12009642778873547,,False,False,True
204.11,1.0,-0.5,0.4886808272778088,0.05154639175257732,0.0,0.5104438120482653,0.04011820847558285,0.15187376725838264,,True,False,False
200.85,1.0,-0.5,0.3831749580771381,0.05154639175257732,0.44,0.5150152492635386,0.041915894338486165,0.1913214990138067,,False,False,True
208.28,1.0,-0.5,0.385830072666294,0.05154639175257732,0.0,0.5253874594375009,0.04679114845345249,0.15187376725838264,,True,False,False
220.26,1.0,-0.5,0.36752375628842926,0.05154639175257732,0.0,0.514129662408699,0.04370377279892144,0.21542844619767695,,True,False,False
220.65,1.0,0.0,0.5201229737283398,0.05154639175257732,0.0,0.5195889563486018,0.039927506624076715,0.26912119219811526,,True,False,False
243.7,1.0,0.0,0.5353549468977082,0.05154639175257732,0.0,0.526203006660594,0.035234617769365935,0.2515888669734823,,True,False,False
231.76,1.0,0.0,0.38079932923420906,0.05154639175257732,0.0,0.5359929137488982,0.02786812873418062,0.22309883848345385,,False,False,True
248.45,1.0,0.0,0.424678591391839,0.041237113402061855,0.0,0.5225739037470811,0.03580563620155115,0.2143326758711374,,True,False,False
237.55,1.0,0.5,0.37884292901062044,0.041237113402061855,0.0,0.5297901761370493,0.043510990285489694,0.3940390094236248,,False,False,True
244.54,1.0,0.0,0.5124371157070989,0.041237113402061855,0.0,0.5364859197714311,0.03134205248527576,0.1496822266053035,,True,False,False
243.4,1.0,0.0,0.4938513135830072,0.041237113402061855,0.2,0.5412740460940195,0.03521945397750575,0.1573526188910804,,False,False,True
240.03,1.0,0.0,0.3904415874790385,0.041237113402061855,0.0,0.5338142328380898,0.034462363557339434,0.19241726934034625,,False,False,True
242.01,1.0,0.0,0.4631078814980436,0.041237113402061855,0.0,0.5355042739286114,0.04445971280303271,0.08601797063335524,,True,False,False
244.9,1.0,0.0,0.5055897149245389,0.041237113402061855,0.0,0.5443253139675746,0.04693702031991331,0.1091387245233399,,True,False,False
246.62,1.0,0.0,0.5299049748462829,0.030927835051546393,0.0,0.5315709003135757,0.04910239883965649,0.1573526188910804,,True,False,False
244.0,1.0,0.0,0.5167691447736165,0.030927835051546393,0.0,0.5260359979674673,0.04150229185319621,0.1650230111768573,,False,False,True
247.96,1.0,0.0,0.5268306316377864,0.030927835051546393,0.0,0.5148159917045011,0.7216538195913795,0.188034188034188,,True,False,False
230.11,1.0,0.0,0.46240916713247615,0.030927835051546393,0.0,0.5232233880618423,0.8673607167327964,0.24501424501424499,,False,False,True
237.57,1.0,-0.5,0.47973728339854665,0.030927835051546393,0.0,0.5258893932901966,0.03789043875624047,0.1628314705237782,,True,False,False
237.92,1.0,-0.5,0.4653437674678591,0.030927835051546393,0.0,0.5282008777336656,0.02833996138406935,0.07670392285776902,,True,False,False
231.68,1.0,-0.5,0.5321408608160983,0.030927835051546393,0.46,0.5336441891031698,0.021089747481256443,0.09489371027832566,,False,False,True
230.97,1.0,-0.5,0.4473169368362213,0.030927835051546393,-0.48,0.5286078911381288,0.048205368247108214,0.27131273285119434,,False,False,True
235.33,1.0,-0.5,0.6238121855785353,0.030927835051546393,0.0,0.5385239386720583,0.044510118476538706,0.16392724085031776,,True,False,False
233.61,1.0,-0.5,0.4994410285075461,0.030927835051546393,0.0,0.524486725438983,0.044921899563254354,0.1628314705237782,,False,False,True
231.38,1.0,-0.5,0.5307434320849636,0.030927835051546393,0.2,0.5261580658362814,0.04245414986862579,0.18584264738110892,,False,False,True
228.62,1.0,-0.5,0.5860816098378983,0.030927835051546393,0.0,0.5389636140195965,0.04525868379450809,0.19789612097304402,,False,False,True
228.78,1.0,-0.5,0.5788149804359978,0.030927835051546393,0.0,0.5422448340040866,0.03276564409464138,0.09927679158448391,,True,False,False
227.85,-1.0,-0.5,0.5271101173840134,0.030927835051546393,0.0,0.5430094401603477,0.03506502131281754,0.15077799693184307,,False,False,True
243.22,1.0,-0.5,0.4605925097820011,0.020618556701030927,0.0,0.5320324340112709,0.055699749934886876,0.2603550295857988,,True,False,False
243.03,1.0,-0.5,0.4038569032979318,0.020618556701030927,0.0,0.5384130371934243,0.06342519131569514,0.24611001534078458,,False,False,True
234.54,1.0,0.0,0.29737283398546677,0.020618556701030927,0.0,0.5449202366621569,0.06203062679623691,0.44334867411790485,,False,False,True
232.32,1.0,-0.5,0.26956400223588595,0.020618556701030927,0.0,0.552342837417973,0.054713081787573066,0.6033311417926803,,False,False,True
229.36,1.0,-0.5,0.1008943543879262,0.020618556701030927,0.44,0.5525538138694389,0.047383177577092955,0.29213236905544593,,False,False,True
220.63,-1.0,-0.5,0.0072666294019004965,0.020618556701030927,0.0,0.5404404901617722,0.04548673043671052,0.18474687705456935,,False,False,True
224.99,-1.0,-0.5,0.11710452766908885,0.020618556701030927,-0.27,0.5432478723690362,0.04229147616266541,0.13214990138067062,,True,False,False
227.8,-1.0,-0.5,0.19647847959754056,0.030927835051546393,0.0,0.5453441192376236,0.051294241908196994,0.15625684856454086,,True,False,False
225.68,-1.0,-0.5,0.038569032979318026,0.030927835051546393,0.0,0.543547733197059,0.07296385672441548,0.20337497260574183,,False,False,True
231.11,-1.0,-0.5,0.11794298490776967,0.030927835051546393,0.0,0.5325216384153003,0.06147944376986042,0.18693841770764846,,True,False,False
226.41,-1.0,-0.5,0.11612632755729456,0.030927835051546393,0.0,0.5403156515498188,0.05459507685451532,0.1836511067280298,,False,False,True
225.01,-1.0,-0.5,0.09782001117942984,0.030927835051546393,0.0,0.5491593379484365,0.05653562675092783,0.18255533640149021,,False,False,True
229.25,-1.0,-0.5,0.07448295136948013,0.030927835051546393,0.0,0.5509625068503632,0.03762026760749002,0.11571334648257726,,True,False,False
227.96,-1.0,-0.5,0.07532140860816099,0.030927835051546393,0.0,0.5495268280471823,0.032816125333793314,0.09598948060486523,,False,False,True
241.84,1.0,-0.5,0.08929569591950812,0.020618556701030927,0.0,0.5491590693828798,0.05059310613363697,0.23186500109577032,,True,False,False
239.34,1.0,-0.5,0.0863610955841252,0.020618556701030927,0.0,0.5426835581073004,0.05363701705468671,0.23405654174884943,,False,False,True
246.97,1.0,-0.5,0.21324762437115705,0.020618556701030927,0.0,0.5629944575987028,0.07136570575098841,0.33158010081087,,True,False,False
241.89,1.0,-0.5,0.23406931246506427,0.020618556701030927,0.0,0.5500669663533118,0.0632792198206738,0.2515888669734823,,False,False,True
241.12,1.0,-0.5,0.22624371157070985,0.020618556701030927,0.0,0.5451894054534574,0.04890364389293029,0.25378040762656146,,False,False,True
239.24,1.0,-0.5,0.23295136948015652,0.020618556701030927,0.0,0.5577186317828038,0.039848434434829556,0.10475564321718168,,False,False,True
243.0,1.0,-0.5,0.17188373392956954,0.020618556701030927,0.0,0.5605576574737928,0.0383410120084465,0.12009642778873547,,True,False,False
239.42,1.0,-0.5,0.08035215204024594,0.061855670103092786,0.0,0.5657925202027363,0.07375576240897527,0.2811746657900504,,False,False,True
240.35,1.0,-0.5,0.21129122414756843,0.061855670103092786,-0.46,0.5492610855131871,0.060517158106959686,0.3348674117904887,,True,False,False
238.37,1.0,-0.5,0.13960313024035773,0.061855670103092786,0.0,0.5487380011568499,0.07194324227355105,0.1913214990138067,,False,False,True
233.73,1.0,-0.5,0.1460313024035774,0.061855670103092786,0.0,0.5518917424315978,0.07490877482763283,0.22638614946307253,,False,False,True
232.79,-1.0,-0.5,0.15036333147009498,0.061855670103092786,0.0,0.5420643992379134,0.07916149099675449,0.19241726934034625,,False,False,True
235.8,1.0,-0.5,0.16307993292342093,0.061855670103092786,0.0,0.5584083161899086,0.06789016504532604,0.13324567170721016,,True,False,False
239.25,1.0,-0.5,0.2089155953046394,0.061855670103092786,0.0,0.5570866012152215,0.07431311148283462,0.1628314705237782,,True,False,False
236.19,1.0,-0.5,0.1548351034097261,0.14432989690721648,0.76,0.5409000498050901,0.10292526852145653,0.2296734604426912,,False,False,True
246.01,1.0,-0.5,0.28060368921185014,0.14432989690721648,0.62,0.521514189327754,0.10868042732479058,0.24282270436116588,,True,False,False
264.53,1.0,0.0,0.28256008943543875,0.14432989690721648,0.0,0.5223673304277415,0.10513177541725696,0.3063773833004602,,True,False,False
275.59,1.0,0.5,0.45388485187255445,0.14432989690721648,0.0,0.5477959298264702,0.12000943735087882,0.5463510848126233,,True,False,False
279.42,1.0,0.0,0.66224147568474,0.14432989690721648,0.0,0.5684072351335239,0.11212261889979667,0.321718167872014,,True,False,False
305.89,1.0,0.5,0.7800447177193963,0.14432989690721648,0.0,0.5386593015444846,0.12414303653616553,0.29980276134122286,,True,False,False
311.52,1.0,0.5,0.8262996087199553,0.14432989690721648,0.0,0.5621495849721528,0.1059200398892512,0.3534955073416612,,True,False,False
322.44,1.0,0.5,0.9196478479597541,0.13402061855670103,0.0,0.5626969591531504,0.15769874208202905,0.5244356782818321,,True,False,False
317.43,1.0,1.0,0.6246506428172163,0.13402061855670103,0.0,0.5803077442533809,0.11214141343066093,0.34253780407626555,,False,False,True
318.18,1.0,0.5,0.6984348798211291,0.13402061855670103,-0.32,0.5892454083870277,0.11069675549964991,0.31952662721893493,,True,False,False
335.25,1.0,1.0,0.7497205142537731,0.13402061855670103,0.0,0.5682137165027453,0.1065248280481461,0.36007012930089854,,True,False,False
347.0,1.0,0.5,0.8160983789826718,0.13402061855670103,0.0,0.5523946923376121,0.12351621337754172,0.35568704799474027,,True,False,False
387.57,1.0,0.5,0.834264952487423,0.13402061855670103,0.51,0.5664986798848746,0.09514644973585672,0.32062239754547445,,True,False,False
372.17,1.0,1.0,0.6931246506428173,0.13402061855670103,-0.4,0.5821996235864757,0.11497523486193932,0.3469208853824238,,False,False,True
386.21,1.0,0.5,0.7815818893236445,0.1134020618556701,0.0,0.5602625521995509,0.10517092099912954,0.33925049309664695,,True,False,False
389.91,1.0,0.5,0.8014253773057574,0.1134020618556701,0.0,0.5621380271138045,0.088272119019379,0.35459127766820076,,True,False,False
401.25,1.0,0.5,0.8141419787590832,0.1134020618556701,0.0,0.5645440111645439,0.08246420689793875,0.2515888669734823,,True,False,False
395.17,1.0,1.0,0.7416154276131917,0.1134020618556701,0.0,0.5697857247919027,0.093039125792322,0.25816348893271973,,False,False,True
379.67,1.0,1.0,0.6839016210173282,0.1134020618556701,0.0,0.5824765044308163,0.12046400672817634,0.29870699101468334,,False,False,True
397.4,1.0,1.0,0.691587479038569,0.1134020618556701,0.0,0.5864078146299913,0.1030649724744841,0.16611878150339687,,True,False,False
390.33,1.0,1.0,0.6292621576299607,0.1134020618556701,0.0,0.6051373133777581,0.12238164750279647,0.19022572868726711,,False,False,True
395.9,1.0,1.0,0.6148686416992732,0.09278350515463918,0.0,0.5959603907313231,0.19847789012563757,0.34472934472934474,,True,False,False
378.97,1.0,1.0,0.6929849077697037,0.09278350515463918,-0.72,0.5851361264964038,0.2126326473351121,0.32281393819855353,,False,False,True
387.15,1.0,0.5,0.7029066517607603,0.09278350515463918,-0.32,0.5955971098170271,0.3606893979773255,0.4444444444444445,,True,False,False
424.87,1.0,0.5,0.7080771380659585,0.09278350515463918,0.0,0.5980979904461791,0.41891796217916055,0.4203374972605742,,True,False,False
438.68,1.0,1.0,0.7385410844046953,0.09278350515463918,0.0,0.6230363759787765,0.33809440437115884,0.4860837168529476,,True,False,False
432.39,1.0,1.0,0.6375069871436556,0.09278350515463918,0.0,0.633004627898288,0.17419137185532324,0.22748191978961207,,False,False,True
433.67,1.0,1.0,0.7434320849636668,0.09278350515463918,0.2,0.6183939745861465,0.15402693910536544,0.2143326758711374,,True,False,False
431.35,1.0,1.0,0.604108440469536,0.061855670103092786,0.0,0.5899204708456774,0.17724307959091254,0.31076046460661844,,False,False,True
422.62,1.0,1.0,0.4967859139183901,0.061855670103092786,0.42,0.5800331395249824,0.21226540894492968,0.30747315362699973,,False,False,True
407.57,1.0,1.0,0.38359418669647843,0.061855670103092786,0.0,0.6046560163613044,0.2193734434408174,0.311856234933158,,False,False,True
416.2,1.0,0.5,0.4920346562325321,0.061855670103092786,0.0,0.621848341308107,0.1787788537848749,0.3162393162393162,,True,False,False
387.83,1.0,1.0,0.47847959754052544,0.061855670103092786,0.0,0.634394587546051,0.26582164289000815,0.32938856015779094,,False,False,True
395.52,1.0,1.0,0.4787590832867523,0.061855670103092786,0.0,0.6254310633554957,0.15306817110489163,0.22309883848345385,,True,False,False
390.64,1.0,1.0,0.4717719396310788,0.061855670103092786,0.0,0.6434503776790701,0.12424155758450044,0.15077799693184307,,False,False,True
407.92,1.0,1.0,0.46226942425936274,0.10309278350515463,0.0,0.6365460380980381,0.1484804625017389,0.30309007232084156,,True,False,False
383.01,1.0,0.5,0.4522079373951928,0.10309278350515463,0.0,0.6352839819953928,0.16316323825464377,0.29432390970852507,,False,False,True
385.71,1.0,1.0,0.45486305198434873,0.10309278350515463,0.0,0.644349193879167,0.1399823458429645,0.2976112206881437,,True,False,False
383.16,1.0,0.5,0.3722750139742873,0.10309278350515463,0.0,0.6344404030175397,0.14343039162509608,0.23843962305500768,,False,False,True
395.56,1.0,0.5,0.29541643376187815,0.10309278350515463,-0.66,0.6514411999804851,0.135717059615515,0.36445321060705677,190.74500000000003,True,False,False
398.69,1.0,1.0,0.39673001676914477,0.10309278350515463,0.0,0.6296072315212125,0.15034862117898454,0.28994082840236685,172.64700000000002,True,False,False
428.72,1.0,0.5,0.3939351593068753,0.10309278350515463,-0.81,0.6425077578556756,0.3171944779000504,0.37212360289283364,170.34900000000002,True,False,False
433.98,1.0,0.5,0.494969256567915,0.061855670103092786,0.0,0.6462025365916797,0.3832097635497771,0.5912776682007451,205.78699999999998,True,True,True
475.81,1.0,0.5,0.6028507546115148,0.061855670103092786,0.32,0.6750053181545178,0.7332652125121611,0.7381108919570457,1190.506,True,True,True
439.81,1.0,1.0,0.5345164896590274,0.061855670103092786,0.32,0.670151322600282,0.7486331313456428,0.7074293228139381,416.533,False,False,True
382.43,1.0,1.0,0.34516489659027383,0.061855670103092786,0.0,0.6564061290780637,0.593045539211689,0.6909927679158447,342.982,False,False,True
385.82,1.0,-0.5,0.507406372275014,0.061855670103092786,0.64,0.6882262046346264,0.34772564009081935,0.6953758492220031,241.50500000000002,True,False,False
335.38,-1.0,-0.5,0.3877864728898826,0.061855670103092786,0.0,0.6934498702660251,0.37805343803048086,0.6844181459566075,222.233,False,False,True
352.51,-1.0,-0.5,0.5265511458915595,0.061855670103092786,0.0,0.7141976814258293,0.17231127920915204,0.5573087880780189,188.84699999999998,True,False,False
353.39,-1.0,-0.5,0.5567356064840693,0.041237113402061855,0.0,0.7137481612549448,0.15306787724722945,0.445540214770984,201.49,True,True,True
337.25,-1.0,-0.5,0.5498882057015092,0.041237113402061855,0.0,0.7080987364422677,0.1372830823466818,0.4115713346482577,362.741,False,True,False
351.29,-1.0,-0.5,0.5391280044717719,0.041237113402061855,0.0,0.7022294307448308,0.16420813911302523,0.46197676966907736,159.583,True,False,False
368.23,-1.0,-0.5,0.5982392397987703,0.041237113402061855,0.0,0.689561009236089,0.26267251150959103,0.6241507779969319,206.833,True,True,True
373.88,-1.0,-0.5,0.6089994410285076,0.041237113402061855,0.22,0.7182696354118505,0.20583190275701477,0.5277229892614508,175.452,True,False,False
387.91,-1.0,-0.5,0.6122135271101173,0.041237113402061855,0.0,0.7307594672030878,0.1433504129225567,0.46197676966907736,624.322,True,True,True
366.41,-1.0,-0.5,0.5711291224147568,0.041237113402061855,0.0,0.7301204229983589,0.16257805860442232,0.48389217619986846,209.14600000000002,False,False,True
377.14,-1.0,-0.5,0.5758803801006148,0.041237113402061855,0.6,0.7175580787943504,0.2817670403942152,0.5868945868945868,160.185,True,False,False
364.09,-1.0,0.0,0.5155114589155952,0.041237113402061855,0.0,0.7326011568525456,0.26593616322273017,0.4740302432610125,341.45099999999996,False,True,False
364.99,-1.0,-0.5,0.6264673001676915,0.041237113402061855,0.0,0.7121496197435836,0.20595509315361615,0.5112864343633574,203.08599999999998,True,False,False
389.39,-1.0,0.0,0.7731973169368362,0.041237113402061855,-0.3,0.7511636053829263,1.0,0.6668858207319746,635.49,True,True,True
384.45,1.0,0.0,0.6465902738960313,0.041237113402061855,0.0,0.7228239134326071,0.5223666937970926,0.7293447293447294,184.18700000000004,False,False,True
385.11,1.0,0.0,0.7723588596981554,0.041237113402061855,0.0,0.737706549645018,0.24807440859011262,0.37541091387245235,611.2869999999999,True,True,True
371.0,-1.0,0.0,0.6678311906092789,0.041237113402061855,0.0,0.7498580062957972,0.18906795478619035,0.368836291913215,174.29900000000004,False,False,True
339.87,-1.0,0.0,0.572107322526551,0.030927835051546393,0.08,0.7568778124632891,0.2620742723782244,0.5419680035064651,142.76800000000003,False,False,True
344.18,-1.0,-0.5,0.7059809949692566,0.030927835051546393,0.0,0.7382043930550287,0.2246723822789622,0.39075169844400615,162.01500000000001,True,True,True
320.12,-1.0,-0.5,0.6169647847959754,0.030927835051546393,0.51,0.7574643433081816,0.18125783775959758,0.46197676966907736,303.252,False,True,False
349.22,-1.0,-0.5,0.6296813862493011,0.030927835051546393,0.0,0.734672791425093,0.15350320611557733,0.37541091387245235,234.906,True,False,False
351.9,-1.0,-0.5,0.6194801565120179,0.030927835051546393,0.0,0.7329055571243629,0.13687513487249434,0.321718167872014,236.333,True,True,True
351.9,-1.0,-0.5,0.5860816098378983,0.030927835051546393,0.0,0.753290517394417,0.10499219807559457,0.23953539338154722,187.01899999999998,False,False,True
351.9,-1.0,0.0,0.6401621017328115,0.030927835051546393,0.0,0.7512736772389348,0.10622379170860301,0.2702169625246548,187.397,False,True,False
351.9,-1.0,-0.5,0.5846841811067635,0.030927835051546393,0.0,0.7488864428711722,0.1707308823337218,0.34582511505588426,176.14000000000001,False,False,True
351.9,-1.0,-0.5,0.6872554499720513,0.030927835051546393,0.0,0.7479707038266405,0.21815508342661782,0.39075169844400615,146.925,False,False,True
359.69,-1.0,0.0,0.6348518725544997,0.030927835051546393,0.0,0.754081948561835,0.16750969468376065,0.3962305500767039,345.629,True,True,True
353.0,-1.0,-0.5,0.514253773057574,0.030927835051546393,0.0,0.7563109487829942,0.13201842654547602,0.4039009423624808,348.783,False,True,False
345.68,-1.0,-0.5,0.5600894354387925,0.030927835051546393,0.0,0.753619797945506,0.12063772116088142,0.35568704799474027,191.07599999999996,False,False,True
346.18,-1.0,-0.5,0.563163778647289,0.030927835051546393,0.0,0.7385403610886674,0.09707828316066561,0.18912995836072757,226.704,True,True,True
352.54,-1.0,-0.5,0.6143096702068195,0.030927835051546393,0.0,0.7474974372827384,0.10442127789299491,0.1803637957484111,398.94,True,True,True
353.77,-1.0,-0.5,0.7059809949692566,0.020618556701030927,0.0,0.758150274207654,0.1195828646409069,0.2614507999123383,169.365,True,False,False
340.79,-1.0,0.0,0.5659586361095584,0.020618556701030927,0.32,0.7938450092690158,0.1529572399752251,0.27788735481043175,229.38599999999997,False,True,False
341.8,-1.0,-0.5,0.735466741196199,0.020618556701030927,0.0,0.7720233392771839,0.114010903136265,0.36664475126013585,156.918,True,False,False
351.05,-1.0,-0.5,0.762716601453326,0.020618556701030927,0.0,0.749294513119013,0.113736079503928,0.31076046460661844,347.70799999999997,True,True,True
365.6,-1.0,0.0,0.7357462269424259,0.020618556701030927,0.0,0.7624364035700447,0.10784832335085619,0.3436335744028052,158.748,True,False,False
371.12,1.0,0.0,0.7750139742873113,0.020618556701030927,0.0,0.7838645093121928,0.08416365169592002,0.24063116370808676,204.11999999999998,True,True,True
374.61,1.0,0.5,0.8005869200670765,0.020618556701030927,0.0,0.7762535330935115,0.06207148728729396,0.20008766162612315,201.25,True,False,False
387.0,1.0,0.0,0.81078814980436,0.05154639175257732,0.36,0.7678107002664832,0.10612464089181611,0.34582511505588426,231.77100000000002,True,True,True
381.48,1.0,0.5,0.6987143655673559,0.05154639175257732,0.0,0.7884176568244179,0.10821108310311232,0.27460004383081305,177.863,False,False,True
379.08,1.0,0.0,0.6389044158747904,0.05154639175257732,0.0,0.7741222515391616,0.10569232204604112,0.37321937321937315,136.10899999999998,False,False,True
377.79,1.0,0.5,0.6306595863610956,0.05154639175257732,0.29,0.7925569298027011,0.11888888806062527,0.2603550295857988,219.919,False,True,False
365.39,1.0,0.0,0.6616825041922862,0.05154639175257732,0.0,0.7835754701007138,0.09305768473237412,0.30966469428007887,1266.7000000000003,False,True,False
368.4,1.0,0.5,0.6581889323644494,0.05154639175257732,0.0,0.7863513503560439,0.04651789879518936,0.14639491562568485,228.552,True,False,False
378.45,1.0,0.5,0.6555338177752935,0.05154639175257732,0.0,0.7573830107586275,0.048960241449223584,0.13872452333990795,460.98900000000003,True,True,True
379.5,1.0,0.5,0.6559530463946339,0.061855670103092786,0.03,0.7925712786688974,0.08107844541061562,0.23186500109577032,158.745,True,False,False
368.81,1.0,0.5,0.6306595863610956,0.061855670103092786,0.0,0.7864292624021872,0.08675319554509954,0.24172693403462633,151.59300000000002,False,False,True
391.51,1.0,0.5,0.6152878703186136,0.061855670103092786,0.0,0.7841888424652111,0.11000758142391683,0.3962305500767039,129.82399999999998,True,False,False
414.44,1.0,0.5,0.5852431525992174,0.061855670103092786,-0.23,0.7874422212059891,0.09577927886156824,0.39513477975016437,406.78599999999994,True,True,True
409.92,1.0,0.5,0.5143935159306875,0.061855670103092786,0.0,0.791394313213071,0.08379448522156675,0.30528161297392065,182.59,False,False,True
412.38,1.0,0.5,0.5083845723868083,0.061855670103092786,0.0,0.807468403898025,0.03911625948993344,0.18255533640149021,145.616,True,False,False
406.35,1.0,1.0,0.4295695919508105,0.061855670103092786,0.0,0.7860460247699604,0.038194242703288306,0.14420337497260574,141.50799999999998,False,False,True
393.48,1.0,0.5,0.36500838457238677,0.061855670103092786,0.0,0.7575038978618445,0.0765287424672795,0.3469208853824238,184.25500000000002,False,True,False
403.65,1.0,0.5,0.5455561766349916,0.061855670103092786,0.0,0.7781869164394465,0.05803455991366071,0.2855577470962086,237.58800000000002,True,True,True
388.63,1.0,0.5,0.5363331470095025,0.061855670103092786,0.65,0.7867903318508577,0.09349289383521235,0.36993206223975456,174.16899999999998,False,False,True
387.67,1.0,0.5,0.5148127445500279,0.061855670103092786,0.0,0.8025024762790475,0.09678896937314058,0.23186500109577032,345.01000000000005,False,True,False
382.83,1.0,0.5,0.4884013415315818,0.061855670103092786,-0.1,0.7858435691466217,0.08925782349940219,0.34472934472934474,147.947,False,False,True
386.81,1.0,0.5,0.5037730575740637,0.061855670103092786,0.0,0.7896480147258998,0.05489135433550961,0.20447074293228137,189.55799999999996,True,True,True
396.8,1.0,0.5,0.5197037451089994,0.061855670103092786,0.0,0.7989560523409366,0.0432140744502282,0.15406530791146175,140.35999999999999,True,False,False
383.78,1.0,0.5,0.4657629960871995,0.09278350515463918,0.0,0.7690507212886399,0.08730834149874372,0.34911242603550297,147.86599999999999,False,True,False
388.01,1.0,0.5,0.5841252096143096,0.09278350515463918,0.0,0.7884534113152443,0.06270525954950312,0.3063773833004602,153.896,True,True,True
402.68,1.0,0.5,0.5978200111794298,0.09278350515463918,0.0,0.7874698803864558,0.05160283621536696,0.3534955073416612,193.405,True,True,True
417.04,1.0,0.5,0.5992174399105645,0.09278350515463918,0.0,0.7763965286168458,0.07126988262704784,0.42252903791365326,181.988,True,False,False
456.43,1.0,1.0,0.6851593068753492,0.09278350515463918,0.0,0.8015886760589437,0.088793369693142,0.4543063773833005,211.644,True,True,True
435.81,1.0,1.0,0.4867244270542202,0.09278350515463918,0.0,0.8078516270535055,0.07952596197657077,0.3808897655051501,612.5249999999999,False,True,False
454.6,1.0,1.0,0.5944661822247065,0.09278350515463918,0.0,0.7815422833380367,0.03534278786379944,0.15954415954415951,453.1,True,False,False
444.33,1.0,1.0,0.562884292901062,0.14432989690721648,0.0,0.789833603565987,0.06141531629404971,0.28884505807582733,200.42700000000002,False,False,True
451.35,1.0,1.0,0.5772778088317496,0.14432989690721648,0.0,0.7883319162529859,0.07277502112723792,0.2669296515450361,181.942,True,False,False
464.39,1.0,1.0,0.6437954164337618,0.14432989690721648,0.0,0.8027646485215939,0.07222520330288995,0.32281393819855353,182.29899999999998,True,True,True
462.86,1.0,1.0,0.6078814980435997,0.14432989690721648,0.0,0.7900017667414065,0.08111129743453156,0.4192417269340346,190.25199999999998,False,True,False
477.06,1.0,1.0,0.6854387926215764,0.14432989690721648,0.0,0.8087493374180553,0.08001673273902422,0.34034626342318647,364.242,True,True,True
461.18,1.0,1.0,0.5870598099496925,0.14432989690721648,0.0,0.7922683732344087,0.04477160806518554,0.1913214990138067,135.22499999999997,False,False,True
448.49,1.0,1.0,0.5354946897708217,0.14432989690721648,0.0,0.8169322486902105,0.04341807122854565,0.168310322156476,168.54000000000002,False,True,False
460.3,1.0,1.0,0.5788149804359978,0.24742268041237114,0.0,0.7869746729187891,0.06626571624588082,0.27350427350427353,260.55,True,True,True
482.89,1.0,1.0,0.5716880939072106,0.24742268041237114,0.0,0.8050451870588444,0.11241746849063089,0.43348674117904884,408.284,True,True,True
479.11,1.0,1.0,0.47428731134712127,0.24742268041237114,0.0,0.7970169023898086,0.11545216211420106,0.4400613631382862,401.039,False,False,True
471.97,1.0,1.0,0.33650083845723866,0.24742268041237114,0.0,0.8216490414108282,0.06557210742684406,0.3129520052596976,232.68200000000002,False,False,True
510.38,1.0,1.0,0.3120458356623812,0.24742268041237114,0.0,0.818779880399287,0.10136508107763857,0.38198553583168965,358.52299999999997,True,True,True
552.55,1.0,1.0,0.470653996646171,0.24742268041237114,0.0,0.8302491807075556,0.09912011621251231,0.4696471619548543,149.21999999999997,True,False,False
561.48,1.0,1.0,0.4709334823923979,0.24742268041237114,0.0,0.8375995022255255,0.09138906806034508,0.3677405215866754,244.76100000000002,True,True,True
609.09,1.0,1.0,0.589575181665735,0.18556701030927836,0.0,0.7973766109282877,0.11921421646862855,0.4784133245671707,231.86599999999999,True,False,False
605.28,1.0,1.0,0.4214645053102291,0.18556701030927836,0.0,0.8349032298400758,0.15000388542309775,0.5430637738330045,410.51300000000003,False,True,False
569.52,1.0,1.0,0.3036612632755729,0.18556701030927836,0.0,0.8327732523076913,0.09359187693915551,0.30418584264738113,620.217,False,True,False
520.0,1.0,1.0,0.28828954723309114,0.18556701030927836,0.0,0.8316438519001685,0.2178183001553068,0.5375849222003068,143.54399999999998,False,False,True
518.8,1.0,1.0,0.15749021799888205,0.18556701030927836,0.0,0.8254378742336992,0.061975329294708184,0.3370589524435678,352.425,False,True,False
538.27,1.0,1.0,0.23043599776411405,0.18556701030927836,0.0,0.8272304241111312,0.04193148956169066,0.17159763313609466,229.75099999999998,True,False,False
576.22,1.0,1.0,0.28535494689770824,0.18556701030927836,0.0,0.8525164372506254,0.036458418217148354,0.17817225509533202,174.28000000000003,True,False,False
616.65,1.0,1.0,0.3053381777529346,0.12371134020618557,0.0,0.8605617766352224,0.11995959941735636,0.34472934472934474,208.77900000000005,True,True,True
586.38,1.0,1.0,0.22554499720514254,0.12371134020618557,0.0,0.872167432544024,0.13156667200863612,0.43239097085250927,135.368,False,False,True
597.74,1.0,1.0,0.3508943543879262,0.12371134020618557,0.0,0.8195445458127788,0.05844901315439239,0.2515888669734823,141.224,True,True,True
616.57,1.0,1.0,0.4267747344885411,0.12371134020618557,0.0,0.8576287609693074,0.06541867857469064,0.24611001534078458,234.79300000000003,True,True,True
567.79,1.0,1.0,0.3803801006148686,0.12371134020618557,0.0,0.8485934490064384,0.07730321032694286,0.2724085031777339,173.425,False,False,True
597.0,1.0,1.0,0.3767467859139184,0.12371134020618557,0.0,0.8503095173422299,0.04801262003842739,0.18474687705456935,177.525,True,True,True
602.64,1.0,1.0,0.35508664058133027,0.12371134020618557,0.0,0.8620641780379252,0.045880127162523356,0.1606399298706991,142.283,True,False,False
591.26,1.0,1.0,0.2681665735047512,0.17525773195876287,0.0,0.8484437597965618,0.06915248118206546,0.2855577470962086,197.15999999999997,False,True,False
554.65,1.0,1.0,0.31861375069871434,0.17525773195876287,0.0,0.8541238489459141,0.094222735417775,0.26473811089195703,192.28400000000002,False,False,True
573.21,1.0,1.0,0.43068753493571826,0.17525773195876287,0.0,0.8693159203519651,0.09562470412164538,0.3534955073416612,235.33200000000002,True,True,True
558.33,1.0,1.0,0.4319452207937395,0.17525773195876287,0.0,0.8592004065126876,0.07738762988365656,0.3129520052596976,229.43099999999998,False,False,True
544.24,1.0,1.0,0.5525433202906651,0.17525773195876287,0.0,0.8357735691009808,0.09069311451949374,0.30856892395353935,135.44,False,False,True
568.09,1.0,1.0,0.5447177193963108,0.17525773195876287,0.0,0.8454130780656524,0.057884428513313345,0.1759807144422529,214.81300000000002,True,True,True
590.35,1.0,1.0,0.5342370039128004,0.17525773195876287,0.0,0.8601819795875508,0.0648589673390508,0.16721455182993641,218.067,True,True,True
586.27,1.0,1.0,0.4505310229178312,0.17525773195876287,0.0,0.8310761175401865,0.10076022866651194,0.21542844619767695,188.143,False,False,True
589.41,1.0,1.0,0.5930687534935718,0.17525773195876287,0.0,0.8377999591625479,0.132246131930434,0.2515888669734823,406.591,True,True,True
638.28,1.0,1.0,0.4998602571268865,0.17525773195876287,0.0,0.8419700000495216,0.13585702243995154,0.34144203374972604,205.166,True,False,False
643.43,1.0,1.0,0.5238960313024036,0.17525773195876287,0.0,0.8485254892126084,0.24317576976771943,0.5189568266491343,211.733,True,True,True
654.67,1.0,1.0,0.6868362213527109,0.17525773195876287,0.0,0.8537571549703533,0.11341631442015446,0.31733508656585574,150.541,True,False,False
658.83,1.0,1.0,0.6825041922861933,0.17525773195876287,0.0,0.842568385717882,0.10415641152215341,0.31404777558623714,175.72899999999998,True,True,True
638.28,1.0,1.0,0.5862213527110116,0.17525773195876287,0.0,0.8575981993694903,0.05934287859248788,0.18145956607495067,180.28499999999997,False,True,False
608.01,1.0,1.0,0.5546394633873672,0.35051546391752575,0.0,0.8664004774371268,0.11764829422773274,0.3633574402805172,355.84299999999996,False,True,False
637.46,1.0,1.0,0.6383454443823364,0.35051546391752575,0.0,0.8639736242003342,0.09719011265682159,0.32062239754547445,133.299,True,False,False
585.5,1.0,1.0,0.5515651201788708,0.35051546391752575,0.0,0.8838808345518451,0.1762731403279904,0.29541968003506464,348.415,False,True,False
612.49,1.0,1.0,0.6731414197875908,0.35051546391752575,0.0,0.8635677747305427,0.13189036815044936,0.29980276134122286,158.564,True,False,False
626.83,1.0,1.0,0.7353269983230855,0.35051546391752575,0.0,0.8405778273916124,0.1346573231097468,0.1803637957484111,126.25700000000002,True,False,False
635.95,1.0,1.0,0.7326718837339296,0.35051546391752575,0.0,0.8715043971071491,0.09637360388525767,0.20227920227920226,197.595,True,True,True
683.03,1.0,1.0,0.7451089994410285,0.35051546391752575,0.0,0.860553647280888,0.15003177563682546,0.35678281832127984,162.239,True,False,False
729.12,1.0,1.0,0.8560648406931246,1.0,0.0,0.9056406960361113,0.18634731552239295,0.37979399517861057,436.52299999999997,True,True,True
731.84,1.0,1.0,0.887367244270542,1.0,0.0,0.8791546189278184,0.14972930573029292,0.43677405215866755,173.623,True,False,False
752.5,1.0,1.0,0.9039966461710452,1.0,0.0,0.8701812511192727,0.18102552149273485,0.38636861713784787,206.15300000000002,True,True,True
737.45,1.0,1.0,0.7720793739519284,1.0,0.0,0.8810382876853327,0.14953823896225338,0.31733508656585574,245.88900000000004,False,True,False
730.85,1.0,1.0,0.6655953046394634,1.0,0.0,0.8850468503472442,0.09627860915735631,0.2603550295857988,180.131,False,False,True
775.01,1.0,1.0,0.659586361095584,1.0,0.0,0.9226466938032799,0.15531380391320818,0.2669296515450361,229.629,True,True,True
979.86,1.0,1.0,0.7532140860816098,1.0,0.0,0.9097971415196494,0.27513804134019554,0.6252465483234714,159.19,True,False,False
1042.52,1.0,1.0,0.8848518725544997,0.6907216494845361,0.0,0.9131204919334089,0.4347690627194475,0.8213894367740522,140.74800000000002,True,False,False
1103.41,1.0,1.0,0.9337618781442145,0.6907216494845361,-0.74,0.9160674705284173,0.22657582171413196,0.5090948937102783,151.916,True,True,True
1211.85,1.0,1.0,0.9868641699273337,0.6907216494845361,0.0,0.9212380604486266,0.2084812560411757,0.6044269121192197,168.767,True,True,True
1226.18,1.0,1.0,1.0,0.6907216494845361,0.0,0.92193093447723,0.22462451137351844,0.6044269121192197,179.82299999999998,True,True,True
1217.33,1.0,1.0,0.8479597540525433,0.6907216494845361,0.0,0.9488646173648347,0.23502146692786555,0.6373000219154065,389.525,False,True,False
1280.43,1.0,1.0,0.8759083286752375,0.6907216494845361,0.0,0.9373609620778687,0.14719366403771245,0.3370589524435678,342.485,True,False,False
1255.15,1.0,1.0,0.8007266629401901,0.6907216494845361,0.0,0.9590817806809145,0.1361537780341573,0.35568704799474027,601.083,False,True,False
1088.94,1.0,1.0,0.6840413638904415,0.6907216494845361,0.0,0.9658476352748704,0.40044489710238756,0.7304404996712689,361.597,False,False,True
1049.98,1.0,1.0,0.519284516489659,0.6907216494845361,0.0,0.9764422338780847,0.13049186435867607,0.3896559281174666,174.147,False,False,True
1129.9,1.0,1.0,0.5398267188373393,0.6907216494845361,0.0,0.9799948937650068,0.09744911984021681,0.41266710497479725,189.326,True,True,True
1231.08,1.0,1.0,0.5913918390162102,0.6907216494845361,0.0,0.9821897613334281,0.13018918811174182,0.7140039447731755,200.274,True,True,True
1168.24,1.0,1.0,0.5529625489100056,0.6907216494845361,0.0,0.9832277079649195,0.149418738820121,0.3962305500767039,1205.257,False,True,False
1260.48,1.0,1.0,0.5837059809949692,0.6907216494845361,0.0,1.0,0.12441092012506097,0.3008985316677624,198.94500000000002,True,False,False
