symbol,date,close,volume,daily_return,fast_close,slow_close,crossover_long,crossover_short,crossover_signal
LTC/USD,2019-01-28,30.88,5079.95375251,,30.88,30.88,0.0,0.0,0.0
LTC/USD,2019-01-29,30.67,2233.5639716999995,-0.006800518134714939,30.74,30.771362433585242,0.0,-1.0,-1.0
LTC/USD,2019-01-30,31.59,2372.26724322,0.029996739484838608,31.225714285714282,31.063359283475293,1.0,0.0,1.0
LTC/USD,2019-01-31,31.17,5511.53793212,-0.013295346628679927,31.196,31.092851970080623,1.0,0.0,1.0
LTC/USD,2019-02-01,32.43,5922.00510188,0.040423484119345376,31.83290322580645,31.398577052412367,1.0,0.0,1.0
LTC/USD,2019-02-02,34.17,5011.260166399999,0.05365402405180397,33.02,31.944046740963728,1.0,0.0,1.0
LTC/USD,2019-02-03,33.06,2812.22449497,-0.032484635645302906,33.04015748031496,32.138444889691584,1.0,0.0,1.0
LTC/USD,2019-02-04,33.61,5884.20209414,0.016636418632788752,33.32619607843137,32.369962458357236,1.0,0.0,1.0
LTC/USD,2019-02-05,33.92,4221.17680066,0.009223445403153896,33.62367906066536,32.59361772564378,1.0,0.0,1.0
LTC/USD,2019-02-06,32.44,14289.188575299999,-0.04363207547169823,33.03126099706744,32.573043086577215,1.0,0.0,1.0
LTC/USD,2019-02-07,32.78,1590.17084707,0.010480887792848392,32.90556912554958,32.599021931776306,1.0,0.0,1.0
LTC/USD,2019-02-08,42.52,28778.17445128,0.29713239780353873,37.713958485958486,33.77548579225114,1.0,0.0,1.0
LTC/USD,2019-02-09,44.24,10371.18850485,0.04045155221072427,40.977377609571484,34.955496106502544,1.0,0.0,1.0
LTC/USD,2019-02-10,46.5,16301.859274899998,0.05108499095840857,43.73885735213331,36.2002830410646,1.0,0.0,1.0
LTC/USD,2019-02-11,42.37,15769.4681384,-0.08881720430107531,43.05440778832361,36.839419331351145,1.0,0.0,1.0
LTC/USD,2019-02-12,43.25,4317.65106377,0.020769412320037928,43.15220538643473,37.480044105610666,1.0,0.0,1.0
LTC/USD,2019-02-13,41.27,6280.97999759,-0.045780346820809226,42.21109551311884,37.84669668175503,1.0,0.0,1.0
LTC/USD,2019-02-14,40.96,4971.41661304,-0.007511509571117125,41.58554537027501,38.139178692596325,1.0,0.0,1.0
LTC/USD,2019-02-15,42.15,7355.83499291,0.029052734375,41.86777322344441,38.50608022975663,1.0,0.0,1.0
LTC/USD,2019-02-16,42.93,7524.642015899999,0.0185053380782918,42.39888711823189,38.90108912668246,1.0,0.0,1.0
LTC/USD,2019-02-17,43.28,8270.55328026,0.008152806894945241,42.83944376918973,39.28354196781681,1.0,0.0,1.0
LTC/USD,2019-02-18,47.4,14014.87051594,0.09519408502772642,45.119722428255656,39.97827747925532,1.0,0.0,1.0
LTC/USD,2019-02-19,47.01,6721.70975965,-0.008227848101265867,46.06486132679716,40.5691566580451,1.0,0.0,1.0
LTC/USD,2019-02-20,51.22,19472.27511624,0.08955541374175713,48.64243081703369,41.44913684217716,1.0,0.0,1.0
LTC/USD,2019-02-21,48.17,9202.87832694,-0.05954705193283871,48.40621540147708,41.99586103887863,1.0,0.0,1.0
LTC/USD,2019-02-22,49.27,4758.66075809,0.022835789910732762,48.83810770717424,42.579204084708905,1.0,0.0,1.0
LTC/USD,2019-02-23,51.25,13904.10306546,0.040186726202557255,50.04405386257212,43.26547343232115,1.0,0.0,1.0
LTC/USD,2019-02-24,43.66,26232.6191197,-0.14809756097560978,46.852026919394824,43.29632335295306,1.0,0.0,1.0
LTC/USD,2019-02-25,45.33,8746.93754505,0.038250114521301004,46.09101345827992,43.453580614098044,1.0,0.0,1.0
LTC/USD,2019-02-26,44.71,4240.68195867,-0.013677476285020918,45.40050672849687,43.54973906855406,1.0,0.0,1.0
LTC/USD,2019-02-27,44.94,3690.00019882,0.005144263028405316,45.17025336414122,43.65513264455428,1.0,0.0,1.0
LTC/USD,2019-02-28,45.35,2279.17479044,0.009123275478415849,45.26012668209154,43.78249192809368,1.0,0.0,1.0
LTC/USD,2019-03-01,46.83,5248.43431384,0.03263506063947075,46.045063341137144,44.00963679749843,1.0,0.0,1.0
LTC/USD,2019-03-02,48.25,2280.76212139,0.030322442878496725,47.14753167063275,44.32331686571623,1.0,0.0,1.0
LTC/USD,2019-03-03,47.55,3889.64523457,-0.014507772020725396,47.34876583532223,44.56034906709737,1.0,0.0,1.0
LTC/USD,2019-03-04,45.56,4590.24054621,-0.04185068349106191,46.454382917648104,44.63330970855495,1.0,0.0,1.0
LTC/USD,2019-03-05,52.42,14225.62788758,0.15057067603160657,49.43719145884576,45.198229693411335,1.0,0.0,1.0
LTC/USD,2019-03-06,55.17,6465.50278909,0.05246089278901178,52.303595729433304,45.91765983358523,1.0,0.0,1.0
LTC/USD,2019-03-07,56.44,9917.16192294,0.023019757114373762,54.37179786472041,46.67289986557002,1.0,0.0,1.0
LTC/USD,2019-03-08,55.29,9774.79792973,-0.020375620127569105,54.830898932360626,47.28843204437594,1.0,0.0,1.0
LTC/USD,2019-03-09,57.48,5759.23258674,0.0396093326098752,56.15544946618091,48.01319510216095,1.0,0.0,1.0
LTC/USD,2019-03-10,56.44,3054.03265051,-0.018093249826026447,56.29772473309049,48.609983946087794,1.0,0.0,1.0
LTC/USD,2019-03-11,54.66,4567.8231866999995,-0.031537916371367825,55.47886236654515,49.03680323422248,1.0,0.0,1.0
LTC/USD,2019-03-12,56.03,9706.59620469,0.025064032199048736,55.75443118327259,49.528401830484434,1.0,0.0,1.0
LTC/USD,2019-03-13,55.24,1822.32944974,-0.014099589505621957,55.49721559163629,49.92857583286171,1.0,0.0,1.0
LTC/USD,2019-03-14,55.6,2522.92902213,0.006517016654598029,55.54860779581815,50.3247085249654,1.0,0.0,1.0
LTC/USD,2019-03-15,58.18,4004.0971975,0.04640287769784179,56.86430389790909,50.87180238143514,1.0,0.0,1.0
LTC/USD,2019-03-16,60.89,18455.94692165,0.046579580611894045,58.87715194895455,51.56767056352025,1.0,0.0,1.0
LTC/USD,2019-03-17,60.28,8011.41661916,-0.0100180653637707,59.57857597447728,52.17132743433385,1.0,0.0,1.0
LTC/USD,2019-03-18,59.02,7319.524350300001,-0.020902455209024562,59.299287987238635,52.644757229086466,1.0,0.0,1.0
LTC/USD,2019-03-19,59.2,6944.022551800001,0.0030498136225007855,59.24964399361932,53.096926246292135,1.0,0.0,1.0
LTC/USD,2019-03-20,60.17,5090.37750492,0.016385135135135176,59.709821996809666,53.58383504654028,1.0,0.0,1.0
LTC/USD,2019-03-21,58.39,4957.25399824,-0.02958284859564564,59.04991099840483,53.91407190052968,1.0,0.0,1.0
LTC/USD,2019-03-22,59.33,1923.02381756,0.016098647028600643,59.18995549920241,54.28555834333409,1.0,0.0,1.0
LTC/USD,2019-03-23,60.56,3301.82586182,0.02073150176976246,59.87497774960121,54.71523350014178,1.0,0.0,1.0
LTC/USD,2019-03-24,59.44,3282.16394803,-0.018494055482166538,59.657488874800606,55.03829769330193,1.0,0.0,1.0
LTC/USD,2019-03-25,58.76,5088.70578287,-0.01144010767160164,59.2087444374003,55.29241736973394,1.0,0.0,1.0
LTC/USD,2019-03-26,58.11,5569.3944814,-0.011061946902654829,58.65937221870015,55.48455094205676,1.0,0.0,1.0
LTC/USD,2019-03-27,61.35,7019.69235274,0.05575632421270016,60.004686109350075,55.88403241948361,1.0,0.0,1.0
LTC/USD,2019-03-28,60.17,3672.84182761,-0.019233903830480847,60.08734305467504,56.175606694772405,1.0,0.0,1.0
LTC/USD,2019-03-29,61.1,4178.47886049,0.015456207412331668,60.59367152733752,56.51025733428378,1.0,0.0,1.0
LTC/USD,2019-03-30,60.25,2777.35777842,-0.013911620294599025,60.42183576366876,56.76415025403373,1.0,0.0,1.0
LTC/USD,2019-03-31,60.26,1932.57128772,0.00016597510373439484,60.34091788183438,57.001266197199314,1.0,0.0,1.0
LTC/USD,2019-04-01,60.36,2880.51529772,0.0016594756057086713,60.35045894091719,57.22888591925635,1.0,0.0,1.0
LTC/USD,2019-04-02,77.36,24529.9914393,0.2816434724983432,68.8552294704586,58.59206757807089,1.0,0.0,1.0
LTC/USD,2019-04-03,85.56,34475.18634386,0.10599793174767336,77.2076147352293,60.416840290156266,1.0,0.0,1.0
LTC/USD,2019-04-04,84.8,10923.31376782,-0.008882655446470378,81.00380736761466,62.06556551254447,1.0,0.0,1.0
LTC/USD,2019-04-05,88.88,12529.90616213,0.048113207547169745,84.94190368380733,63.87750872526885,1.0,0.0,1.0
LTC/USD,2019-04-06,91.96,13429.51436985,0.034653465346534684,88.45095184190366,65.77398882049293,1.0,0.0,1.0
LTC/USD,2019-04-07,92.05,9331.10581651,0.000978686385384897,90.25047592095183,67.54747000528612,1.0,0.0,1.0
LTC/USD,2019-04-08,89.5,13201.77665214,-0.027702335687126545,89.87523796047591,69.0283599482747,1.0,0.0,1.0
LTC/USD,2019-04-09,86.94,7360.95805931,-0.028603351955307277,88.40761898023796,70.23606269850124,1.0,0.0,1.0
LTC/USD,2019-04-10,88.22,12427.00068771,0.014722797331492954,88.31380949011898,71.44808433213123,1.0,0.0,1.0
LTC/USD,2019-04-11,79.56,14626.76217249,-0.09816368170482881,83.9369047450595,71.99455055696261,1.0,0.0,1.0
LTC/USD,2019-04-12,79.13,7894.29074209,-0.005404725992961379,81.53345237252975,72.47504464008203,1.0,0.0,1.0
LTC/USD,2019-04-13,77.96,2663.02021978,-0.014785795526349066,79.74672618626488,72.84425874259394,1.0,0.0,1.0
LTC/USD,2019-04-14,83.8,2714.47623364,0.07491021036428935,81.77336309313245,73.58147736081496,1.0,0.0,1.0
LTC/USD,2019-04-15,78.01,7112.94302268,-0.06909307875894977,79.89168154656622,73.87937898914777,1.0,0.0,1.0
LTC/USD,2019-04-16,80.92,5141.62454354,0.03730290988334817,80.4058407732831,74.35285055918654,1.0,0.0,1.0
LTC/USD,2019-04-17,79.27,5013.78854629,-0.020390509144834423,79.83792038664154,74.68342866814238,1.0,0.0,1.0
LTC/USD,2019-04-18,81.9,3716.90595338,0.033177746940835195,80.86896019332077,75.16846866754209,1.0,0.0,1.0
LTC/USD,2019-04-19,82.68,2895.05631035,0.00952380952380949,81.7744800966604,75.6732098667892,1.0,0.0,1.0
LTC/USD,2019-04-20,81.57,2254.52529307,-0.013425253991291908,81.6722400483302,76.0693571818815,1.0,0.0,1.0
LTC/USD,2019-04-21,77.19,6063.87161226,-0.0536962118425891,79.4311200241651,76.14462610387292,1.0,0.0,1.0
LTC/USD,2019-04-22,76.79,7368.70987243,-0.005182018396165167,78.11056001208254,76.18796456976773,1.0,0.0,1.0
LTC/USD,2019-04-23,74.81,6722.68624649,-0.0257846073707515,76.46028000604127,76.09544797433328,1.0,0.0,1.0
LTC/USD,2019-04-24,72.98,11751.33681473,-0.02446197032482289,74.72014000302065,75.88631286158333,0.0,-1.0,-1.0
LTC/USD,2019-04-25,70.46,10975.19740483,-0.03453000822143071,72.59007000151033,75.52211181847042,0.0,-1.0,-1.0
LTC/USD,2019-04-26,71.72,8141.06296018,0.017882486517172946,72.15503500075516,75.26696165638576,0.0,-1.0,-1.0
LTC/USD,2019-04-27,70.6,2006.60208162,-0.015616285554935883,71.37751750037758,74.95381758613296,0.0,-1.0,-1.0
LTC/USD,2019-04-28,67.88,3566.0789711999996,-0.03852691218130311,69.62875875018878,74.47924034760699,0.0,-1.0,-1.0
LTC/USD,2019-04-29,66.53,3468.31021322,-0.01988803771361214,68.07937937509439,73.94599683118457,0.0,-1.0,-1.0
LTC/USD,2019-04-30,73.3,7680.18134022,0.10175860514053814,70.6896896875472,73.9026676171384,0.0,-1.0,-1.0
LTC/USD,2019-05-01,72.26,4440.48526439,-0.014188267394270038,71.47484484377361,73.79250001171555,0.0,-1.0,-1.0
LTC/USD,2019-05-02,72.38,2833.00285213,0.0016606698034873357,71.9274224218868,73.69777829435043,0.0,-1.0,-1.0
LTC/USD,2019-05-03,77.81,13630.53610875,0.0750207239568943,74.8687112109434,73.97351679176425,1.0,0.0,1.0
LTC/USD,2019-05-04,76.99,10242.45402894,-0.010538491196504407,75.9293556054717,74.17576480895988,1.0,0.0,1.0
LTC/USD,2019-05-05,75.18,3676.28715269,-0.02350954669437577,75.55467780273585,74.24309096034041,1.0,0.0,1.0
LTC/USD,2019-05-06,74.21,4857.25746654,-0.012902367650971192,74.88233890136792,74.2408726359016,1.0,0.0,1.0
LTC/USD,2019-05-07,73.18,9295.02301695,-0.01387953106050377,74.03116945068396,74.16975972291071,0.0,-1.0,-1.0
LTC/USD,2019-05-08,73.77,5475.85441573,0.00806231210713304,73.90058472534199,74.14296459538009,0.0,-1.0,-1.0
LTC/USD,2019-05-09,73.82,4650.21252905,0.0006777822963264235,73.86029236267099,74.12131821998612,0.0,-1.0,-1.0
LTC/USD,2019-05-10,76.66,8686.27073418,0.03847195881874832,75.2601461813355,74.29146110416082,1.0,0.0,1.0
LTC/USD,2019-05-11,89.08,27070.60823526,0.16201408818158103,82.17007309066776,75.2825388061796,1.0,0.0,1.0
LTC/USD,2019-05-12,84.44,23938.37236838,-0.052088010776829785,83.30503654533388,75.89621034849148,1.0,0.0,1.0
LTC/USD,2019-05-13,87.85,13253.69536936,0.04038370440549488,85.57751827266694,76.6972359748307,1.0,0.0,1.0
LTC/USD,2019-05-14,91.48,17710.36246159,0.04132043255549234,88.52875913633346,77.68778892410188,1.0,0.0,1.0
LTC/USD,2019-05-15,102.53,27307.16355519,0.12079142982072577,95.52937956816673,79.35233110498208,1.0,0.0,1.0
LTC/USD,2019-05-16,95.85,26765.95976421,-0.06515166292792363,95.68968978408336,80.45770911152772,1.0,0.0,1.0
LTC/USD,2019-05-17,89.75,15691.45376751,-0.06364110589462701,92.71984489204168,81.08029002868696,1.0,0.0,1.0
LTC/USD,2019-05-18,86.99,3693.5813312,-0.0307520891364903,89.85492244602084,81.47622600786022,1.0,0.0,1.0
LTC/USD,2019-05-19,95.27,5733.63185845,0.09518335440855274,92.56246122301042,82.40034660672453,1.0,0.0,1.0
LTC/USD,2019-05-20,91.9,8831.65482466,-0.03537314999475161,92.23123061150521,83.03676238325295,1.0,0.0,1.0
LTC/USD,2019-05-21,91.77,6219.04520489,-0.0014145810663765968,92.0006153057526,83.62181767918094,1.0,0.0,1.0
LTC/USD,2019-05-22,87.73,11888.15271298,-0.04402310123133912,89.86530765287631,83.89702537955998,1.0,0.0,1.0
LTC/USD,2019-05-23,89.0,2367.6805526999997,0.014476233899464175,89.43265382643816,84.23886644671117,1.0,0.0,1.0
LTC/USD,2019-05-24,100.58,11999.40468572,0.13011235955056177,95.00632691321908,85.33351229596586,1.0,0.0,1.0
LTC/USD,2019-05-25,103.13,8974.35208566,0.025352952873334722,99.06816345660954,86.5256241591981,1.0,0.0,1.0
LTC/USD,2019-05-26,112.35,14907.97289812,0.08940172597692242,105.70908172830477,88.25545798896147,1.0,0.0,1.0
LTC/USD,2019-05-27,116.79,56968.95147417,0.0395193591455274,111.24954086415238,90.16679754094082,1.0,0.0,1.0
LTC/USD,2019-05-28,114.94,8826.23008637,-0.015840397294288988,113.09477043207619,91.82616278857375,1.0,0.0,1.0
LTC/USD,2019-05-29,114.66,13316.28846765,-0.0024360535931791105,113.87738521603809,93.3556016203303,1.0,0.0,1.0
LTC/USD,2019-05-30,108.48,23709.71171712,-0.053898482469911024,111.17869260801905,94.36863822363811,1.0,0.0,1.0
LTC/USD,2019-05-31,114.64,14296.17391353,0.05678466076696154,112.90934630400952,95.7264018981354,1.0,0.0,1.0
LTC/USD,2019-06-01,112.51,9241.21366575,-0.018579902302861107,112.70967315200477,96.85054331872416,1.0,0.0,1.0
LTC/USD,2019-06-02,114.75,5264.7729462,0.01990934139187628,113.72983657600238,98.0494094904485,1.0,0.0,1.0
LTC/USD,2019-06-03,105.73,39258.99879483,-0.07860566448801742,109.72991828800119,98.5638329708454,1.0,0.0,1.0
LTC/USD,2019-06-04,101.9,89398.49801357,-0.03622434502979288,105.8149591440006,98.7872774283428,1.0,0.0,1.0
LTC/USD,2019-06-05,103.91,28818.27982673,0.019725220804710508,104.8624795720003,99.130375722294,1.0,0.0,1.0
LTC/USD,2019-06-06,111.31,35379.21843737,0.07121547493022806,108.08623978600015,99.94610830110845,1.0,0.0,1.0
LTC/USD,2019-06-07,117.14,45625.44698274,0.052376246518731406,112.61311989300007,101.09766294906413,1.0,0.0,1.0
LTC/USD,2019-06-08,118.52,19270.45071876,0.011780775140856958,115.56655994650004,102.26450874061392,1.0,0.0,1.0
LTC/USD,2019-06-09,114.67,31973.64493268,-0.032483968950388076,115.11827997325003,103.09534975823999,1.0,0.0,1.0
LTC/USD,2019-06-10,130.04,49972.18617081,0.13403680125577733,122.57913998662501,104.89991932335273,1.0,0.0,1.0
LTC/USD,2019-06-11,136.26,40960.95719725,0.04783143648108279,129.4195699933125,107.00019140008303,1.0,0.0,1.0
LTC/USD,2019-06-12,136.08,84839.52789635,-0.0013210039630117132,132.74978499665627,108.94773603688007,1.0,0.0,1.0
LTC/USD,2019-06-13,130.85,44787.07862601,-0.03843327454438583,131.79989249832812,110.41457535590277,1.0,0.0,1.0
LTC/USD,2019-06-14,132.68,36259.504667,0.013985479556744451,132.23994624916406,111.90572878271404,1.0,0.0,1.0
LTC/USD,2019-06-15,138.2,30582.56020753,0.04160385890865226,135.21997312458203,113.66669266082334,1.0,0.0,1.0
LTC/USD,2019-06-16,136.71,32211.83890299,-0.010781476121562772,135.96498656229102,115.2099282100488,1.0,0.0,1.0
LTC/USD,2019-06-17,134.04,22420.17445484,-0.019530392802282304,135.00249328114552,116.4709936018869,1.0,0.0,1.0
LTC/USD,2019-06-18,135.29,30105.19153011,0.009325574455386398,135.14624664057277,117.73131312867498,1.0,0.0,1.0
LTC/USD,2019-06-19,136.66,30016.37665287,0.010126395151156764,135.9031233202864,118.99897350805416,1.0,0.0,1.0
LTC/USD,2019-06-20,135.84,23471.36808962,-0.006000292697204701,135.8715616601432,120.12681884128145,1.0,0.0,1.0
LTC/USD,2019-06-21,138.93,32707.44680612,0.022747349823321494,137.4007808300716,121.38606598012987,1.0,0.0,1.0
LTC/USD,2019-06-22,141.2,56340.95774639,0.016339163607572038,139.3003904150358,122.71299930052508,1.0,0.0,1.0
LTC/USD,2019-06-23,136.18,19870.63618813,-0.0355524079320112,137.7401952075179,123.61487793531509,1.0,0.0,1.0
LTC/USD,2019-06-24,135.29,24576.83410587,-0.006535467763254643,136.51509760375893,124.39675334245658,1.0,0.0,1.0
LTC/USD,2019-06-25,135.62,31053.43234758,0.0024392046714465376,136.06754880187947,125.14836518002444,1.0,0.0,1.0
LTC/USD,2019-06-26,130.61,91918.52947475,-0.036941454062822565,133.33877440093974,125.51412568736149,1.0,0.0,1.0
LTC/USD,2019-06-27,114.18,146981.65143227,-0.1257943495903836,123.75938720046987,124.75509158386643,0.0,-1.0,-1.0
LTC/USD,2019-06-28,119.66,45124.02461878,0.047994394815203956,121.70969360023494,124.41387947763452,0.0,-1.0,-1.0
LTC/USD,2019-06-29,133.32,67730.14779472,0.114156777536353,127.51484680011747,125.01031051034808,1.0,0.0,1.0
LTC/USD,2019-06-30,122.0,82663.25155442,-0.08490849084908492,124.75742340005874,124.80871435840908,0.0,-1.0,-1.0
LTC/USD,2019-07-01,122.63,69218.10464311,0.005163934426229533,123.69371170002937,124.6628092270166,0.0,-1.0,-1.0
LTC/USD,2019-07-02,118.55,66299.52892805,-0.033270814645682156,121.12185585001468,124.2534444375884,0.0,-1.0,-1.0
LTC/USD,2019-07-03,121.84,34095.95993375,0.027752003374103884,121.48092792500734,124.09182024727563,0.0,-1.0,-1.0
LTC/USD,2019-07-04,119.85,40399.43245511,-0.01633289560078799,120.66546396250367,123.80775325582293,0.0,-1.0,-1.0
LTC/USD,2019-07-05,118.46,27253.95282861,-0.01159783062161035,119.56273198125183,123.4496243614537,0.0,-1.0,-1.0
LTC/USD,2019-07-06,118.37,17810.22767883,-0.0007597501266248807,118.96636599062592,123.1094519232309,0.0,-1.0,-1.0
LTC/USD,2019-07-07,120.29,11187.23789118,0.016220326096139326,119.62818299531295,122.92063897430513,0.0,-1.0,-1.0
LTC/USD,2019-07-08,123.49,28455.166037700004,0.02660237758749684,121.55909149765648,122.95876788541865,0.0,-1.0,-1.0
LTC/USD,2019-07-09,119.38,26998.89573637,-0.033282047129322256,120.46954574882824,122.71910553577575,0.0,-1.0,-1.0
LTC/USD,2019-07-10,108.26,91879.01806039999,-0.09314793097671292,114.36477287441411,121.75081129563698,0.0,-1.0,-1.0
LTC/USD,2019-07-11,102.89,103234.56806678,-0.0496028080546832,108.62738643720706,120.48774555801387,0.0,-1.0,-1.0
LTC/USD,2019-07-12,105.09,39643.95349551,0.021382058509087365,106.85869321860353,119.45659422026786,0.0,-1.0,-1.0
LTC/USD,2019-07-13,101.19,24038.51237821,-0.03711104767342288,104.02434660930177,118.23332356048307,0.0,-1.0,-1.0
LTC/USD,2019-07-14,90.47,37147.78382721,-0.10593932206739798,97.24717330465089,116.37408054247226,0.0,-1.0,-1.0
LTC/USD,2019-07-15,90.59,47316.91745991,0.0013264065436056072,93.91858665232544,114.64738368339871,0.0,-1.0,-1.0
LTC/USD,2019-07-16,79.5,101914.38709214,-0.12241969312286127,86.70929332616272,112.29365058525505,0.0,-1.0,-1.0
LTC/USD,2019-07-17,90.34,102893.09343179,0.13635220125786174,88.52464666308137,110.82346981526659,0.0,-1.0,-1.0
LTC/USD,2019-07-18,100.97,104691.42830012,0.11766659287137471,94.74732333154068,110.16360803610321,0.0,-1.0,-1.0
LTC/USD,2019-07-19,98.78,68176.61581411,-0.02168961077547782,96.76366166577034,109.40127713624781,0.0,-1.0,-1.0
LTC/USD,2019-07-20,100.54,45189.18491832,0.017817371937639326,98.65183083288517,108.80786048413502,0.0,-1.0,-1.0
LTC/USD,2019-07-21,99.69,31404.53460542,-0.008454346528744883,99.17091541644258,108.1972613498696,0.0,-1.0,-1.0
LTC/USD,2019-07-22,95.22,47501.56739676,-0.04483900090279869,97.19545770822128,107.32820860482666,0.0,-1.0,-1.0
LTC/USD,2019-07-23,90.07,51407.42495349,-0.054085276202478494,93.63272885411064,106.17247257527904,0.0,-1.0,-1.0
LTC/USD,2019-07-24,94.45,68474.29307389,0.04862884423226399,94.04136442705533,105.38745021520268,0.0,-1.0,-1.0
LTC/USD,2019-07-25,93.23,34314.71342211,-0.012916887241926966,93.63568221352767,104.57329881509945,0.0,-1.0,-1.0
LTC/USD,2019-07-26,94.39,32826.74736333,0.012442346884050215,94.01284110676383,103.8913511557416,0.0,-1.0,-1.0
LTC/USD,2019-07-27,88.72,35668.54011334,-0.06006992266129885,91.36642055338191,102.87536753836909,0.0,-1.0,-1.0
LTC/USD,2019-07-28,89.95,39647.29122855,0.013863841298467072,90.65821027669097,102.00979146655706,0.0,-1.0,-1.0
LTC/USD,2019-07-29,90.34,30691.64877978,0.004335742078932725,90.49910513834548,101.22829802119735,0.0,-1.0,-1.0
LTC/USD,2019-07-30,90.21,18010.59963813,-0.0014390081912775132,90.35455256917274,100.49043343119537,0.0,-1.0,-1.0
LTC/USD,2019-07-31,98.85,24970.38133789,0.09577652144995019,94.60227628458637,100.38057821540193,0.0,-1.0,-1.0
LTC/USD,2019-08-01,98.94,25678.117698599995,0.0009104704097118166,96.77113814229318,100.28410675906356,0.0,-1.0,-1.0
LTC/USD,2019-08-02,94.89,26112.25033133,-0.040933899332929014,95.83056907114658,99.9228787178345,0.0,-1.0,-1.0
LTC/USD,2019-08-03,94.16,17276.37418018,-0.007693118347560368,94.99528453557329,99.53695512441858,0.0,-1.0,-1.0
LTC/USD,2019-08-04,92.91,22525.82763187,-0.013275276125743418,93.95264226778664,99.09316685730421,0.0,-1.0,-1.0
LTC/USD,2019-08-05,96.21,72839.58168857,0.0355182434614143,95.08132113389331,98.90008942970437,0.0,-1.0,-1.0
LTC/USD,2019-08-06,93.04,40220.712040900005,-0.03294875792537144,94.06066056694667,98.50765607288835,0.0,-1.0,-1.0
LTC/USD,2019-08-07,90.32,36312.14579486,-0.02923473774720564,92.19033028347333,97.95935232893417,0.0,-1.0,-1.0
LTC/USD,2019-08-08,90.12,24130.43519212,-0.0022143489813993833,91.15516514173666,97.4343735418539,0.0,-1.0,-1.0
LTC/USD,2019-08-09,84.29,31208.58894688,-0.06469152241455833,87.72258257086833,96.55413289524537,0.0,-1.0,-1.0
LTC/USD,2019-08-10,85.18,34720.25266298,0.01055878514651809,86.45129128543417,95.79244021409373,0.0,-1.0,-1.0
LTC/USD,2019-08-11,89.87,19662.02030992,0.05505987320967365,88.16064564271709,95.39583161106911,0.0,-1.0,-1.0
LTC/USD,2019-08-12,85.58,18753.54142521,-0.04773561811505511,86.87032282135854,94.73849396071013,0.0,-1.0,-1.0
LTC/USD,2019-08-13,84.3,19627.12996431,-0.014956765599439148,85.58516141067926,94.039458481518,0.0,-1.0,-1.0
LTC/USD,2019-08-14,75.56,37016.07289665,-0.10367734282325025,80.57258070533963,92.8019431640983,0.0,-1.0,-1.0
LTC/USD,2019-08-15,76.26,46997.08397548,0.009264160931709897,78.41629035266982,91.69417765978298,0.0,-1.0,-1.0
LTC/USD,2019-08-16,74.83,29571.25996993,-0.01875163912929456,76.6231451763349,90.56483312681391,0.0,-1.0,-1.0
LTC/USD,2019-08-17,72.69,16922.20910906,-0.028598155819858362,74.65657258816745,89.36780803173619,0.0,-1.0,-1.0
LTC/USD,2019-08-18,76.31,24206.0247997,0.049800522767918576,75.48328629408373,88.4933650133994,0.0,-1.0,-1.0
LTC/USD,2019-08-19,77.12,19158.287198299997,0.010614598348840376,76.30164314704186,87.73172423181624,0.0,-1.0,-1.0
LTC/USD,2019-08-20,75.0,19173.59880658,-0.02748962655601661,75.65082157352093,86.87911817247863,0.0,-1.0,-1.0
LTC/USD,2019-08-21,72.94,28579.83195407,-0.02746666666666675,74.29541078676047,85.94565654052771,0.0,-1.0,-1.0
LTC/USD,2019-08-22,73.62,17341.12911495,0.009322731011790708,73.95770539338024,85.12024371010072,0.0,-1.0,-1.0
LTC/USD,2019-08-23,75.53,10632.80634537,0.02594403694648184,74.74385269669011,84.47801342662578,0.0,-1.0,-1.0
LTC/USD,2019-08-24,73.27,15688.33829314,-0.029921885343572208,74.00692634834505,83.72744591304327,0.0,-1.0,-1.0
LTC/USD,2019-08-25,72.33,18135.14827348,-0.012829261635048383,73.16846317417253,82.96419269217823,0.0,-1.0,-1.0
LTC/USD,2019-08-26,73.63,19828.06999854,0.017973178487487917,73.39923158708626,82.33910945306154,0.0,-1.0,-1.0
LTC/USD,2019-08-27,72.8,10746.39313003,-0.011272579111775038,73.09961579354314,81.70030356441178,0.0,-1.0,-1.0
LTC/USD,2019-08-28,66.77,48203.1240808,-0.08282967032967037,69.93480789677156,80.70046541200634,0.0,-1.0,-1.0
LTC/USD,2019-08-29,63.45,37913.71010785,-0.04972292945933787,66.69240394838579,79.5452529313016,0.0,-1.0,-1.0
LTC/USD,2019-08-30,64.16,19891.34999467,0.011189913317572797,65.42620197419289,78.51494822065,0.0,-1.0,-1.0
LTC/USD,2019-08-31,64.29,12927.29403429,0.0020261845386535526,64.85810098709645,77.56234569308506,0.0,-1.0,-1.0
LTC/USD,2019-09-01,66.11,13812.24030402,0.02830922382952239,65.48405049354822,76.79541613701775,0.0,-1.0,-1.0
LTC/USD,2019-09-02,67.29,17290.01785823,0.017849039479655326,66.38702524677412,76.15886667979146,0.0,-1.0,-1.0
LTC/USD,2019-09-03,69.07,21724.04070432,0.026452667558329424,67.72851262338705,75.68414636354579,0.0,-1.0,-1.0
LTC/USD,2019-09-04,67.16,13501.00016939,-0.027653105545099144,67.44425631169352,75.11330964577866,0.0,-1.0,-1.0
LTC/USD,2019-09-05,65.39,14920.61039679,-0.026354973198332243,66.41712815584677,74.46216854159165,0.0,-1.0,-1.0
LTC/USD,2019-09-06,65.14,24586.89884078,-0.00382321455880108,65.77856407792339,73.83789067239933,0.0,-1.0,-1.0
LTC/USD,2019-09-07,68.82,19515.91519193,0.056493705864292254,67.29928203896169,73.50185748019852,0.0,-1.0,-1.0
LTC/USD,2019-09-08,70.48,16238.50658994,0.02412089508863713,68.88964101948085,73.29949268818272,0.0,-1.0,-1.0
LTC/USD,2019-09-09,70.1,13386.71282867,-0.005391600454029644,69.49482050974042,73.08523219813365,0.0,-1.0,-1.0
LTC/USD,2019-09-10,70.76,17322.47051502,0.009415121255349712,70.12741025487021,72.92951832934894,0.0,-1.0,-1.0
LTC/USD,2019-09-11,69.74,12197.03879588,-0.0144149236856983,69.9337051274351,72.71592579704625,0.0,-1.0,-1.0
LTC/USD,2019-09-12,69.17,6140.12293301,-0.008173214797820405,69.55185256371755,72.47846572166888,0.0,-1.0,-1.0
LTC/USD,2019-09-13,68.97,10745.81388107,-0.0028914269191846476,69.26092628185877,72.24351423797441,0.0,-1.0,-1.0
LTC/USD,2019-09-14,70.75,7670.24424823,0.02580832245904019,70.00546314092938,72.14349804543721,0.0,-1.0,-1.0
LTC/USD,2019-09-15,70.17,5129.9872514,-0.008197879858657164,70.08773157046468,72.01133877042676,0.0,-1.0,-1.0
LTC/USD,2019-09-16,72.69,18191.37268158,0.03591278324070113,71.38886578523234,72.05678668744771,0.0,-1.0,-1.0
LTC/USD,2019-09-17,74.16,23558.720344,0.02022286421791164,72.77443289261618,72.19763260478713,1.0,0.0,1.0
LTC/USD,2019-09-18,77.56,26108.29622939,0.045846817691477915,75.16721644630809,72.5567343399677,1.0,0.0,1.0
LTC/USD,2019-09-19,77.04,37733.36933587,-0.0067044868488911336,76.10360822315405,72.8569652546734,1.0,0.0,1.0
LTC/USD,2019-09-20,75.05,19590.074758000002,-0.02583073727933549,75.57680411157702,73.00382624257419,1.0,0.0,1.0
LTC/USD,2019-09-21,73.18,16377.00657289,-0.024916722185209683,74.37840205578851,73.01562407294448,1.0,0.0,1.0
LTC/USD,2019-09-22,72.56,11297.74819545,-0.008472260180377167,73.46920102789426,72.9851122897065,1.0,0.0,1.0
LTC/USD,2019-09-23,66.41,21210.12111248,-0.08475744211686886,69.93960051394713,72.54479666122675,0.0,-1.0,-1.0
LTC/USD,2019-09-24,54.76,88469.12495619,-0.1754253877428098,62.349800256973566,71.35380196170941,0.0,-1.0,-1.0
LTC/USD,2019-09-25,57.45,58331.531102999994,0.04912344777209654,59.899900128486784,70.42270588628793,0.0,-1.0,-1.0
LTC/USD,2019-09-26,55.17,46518.4051129,-0.03968668407310705,57.53495006424339,69.40127774911356,0.0,-1.0,-1.0
LTC/USD,2019-09-27,55.88,24139.61290901,0.012869313032445096,56.70747503212169,68.4957981838176,0.0,-1.0,-1.0
LTC/USD,2019-09-28,55.43,18517.83636778,-0.008052970651395874,56.06873751606085,67.62082072673914,0.0,-1.0,-1.0
LTC/USD,2019-09-29,53.94,16027.05544756,-0.026880750496121264,55.004368758030424,66.70465705073477,0.0,-1.0,-1.0
LTC/USD,2019-09-30,56.12,24684.0555428,0.04041527623285135,55.56218437901521,65.99583420456419,0.0,-1.0,-1.0
LTC/USD,2019-10-01,55.67,18949.71253102,-0.008018531717747579,55.616092189507604,65.30434395262617,0.0,-1.0,-1.0
LTC/USD,2019-10-02,56.41,13551.50259225,0.01329261720855035,56.013046094753804,64.70871632548545,0.0,-1.0,-1.0
LTC/USD,2019-10-03,56.4,21277.71154771,-0.00017727353306151716,56.206523047376905,64.15230643122592,0.0,-1.0,-1.0
LTC/USD,2019-10-04,56.54,11421.10370939,0.0024822695035460196,56.373261523688456,63.64253302682917,0.0,-1.0,-1.0
LTC/USD,2019-10-05,56.84,10585.61719306,0.005305978068623984,56.60663076184423,63.18698772738321,0.0,-1.0,-1.0
LTC/USD,2019-10-06,54.54,17413.05654696,-0.04046446164672768,55.57331538092211,62.60792481203896,0.0,-1.0,-1.0
LTC/USD,2019-10-07,57.57,17199.71782001,0.05555555555555558,56.57165769046105,62.27055005034739,0.0,-1.0,-1.0
LTC/USD,2019-10-08,57.07,8935.74641958,-0.008685079034219223,56.82082884523052,61.92228476324663,0.0,-1.0,-1.0
LTC/USD,2019-10-09,59.33,19705.20653725,0.0396004906255476,58.07541442261526,61.74868720390899,0.0,-1.0,-1.0
LTC/USD,2019-10-10,57.65,8399.6814809,-0.02831619753918757,57.86270721130763,61.47421037784002,0.0,-1.0,-1.0
LTC/USD,2019-10-11,55.91,20420.12523826,-0.030182133564614078,56.88635360565381,61.101591847540355,0.0,-1.0,-1.0
LTC/USD,2019-10-12,55.9,2887.95561836,-0.00017885888034341324,56.3931768028269,60.75325679630161,0.0,-1.0,-1.0
LTC/USD,2019-10-13,56.42,7212.96318902,0.009302325581395321,56.40658840141345,60.463071547116044,0.0,-1.0,-1.0
LTC/USD,2019-10-14,56.8,6932.59211207,0.006735200283587206,56.60329420070673,60.21776660016371,0.0,-1.0,-1.0
LTC/USD,2019-10-15,54.6,22814.95631568,-0.03873239436619713,55.60164710035336,59.84156157147583,0.0,-1.0,-1.0
LTC/USD,2019-10-16,52.56,24228.37933824,-0.03736263736263734,54.08082355017668,59.35393716976798,0.0,-1.0,-1.0
LTC/USD,2019-10-17,54.88,10225.55145407,0.04414003044140036,54.48041177508834,59.05433097783005,0.0,-1.0,-1.0
LTC/USD,2019-10-18,53.35,19962.81799568,-0.027879008746355738,53.915205887544175,58.67232899264691,0.0,-1.0,-1.0
LTC/USD,2019-10-19,53.83,12486.95866785,0.008997188378631726,53.87260294377209,58.34805270259796,0.0,-1.0,-1.0
LTC/USD,2019-10-20,54.93,11104.983897700002,0.020434701839123104,54.40130147188604,58.119155936085136,0.0,-1.0,-1.0
LTC/USD,2019-10-21,54.76,12829.74162116,-0.0030948479883488034,54.580650735943024,57.89420331002071,0.0,-1.0,-1.0
LTC/USD,2019-10-22,53.44,13655.44520657,-0.024105186267348477,54.01032536797151,57.59591863670891,0.0,-1.0,-1.0
LTC/USD,2019-10-23,49.42,32037.66637313,-0.07522455089820357,51.71516268398575,57.04840181979794,0.0,-1.0,-1.0
LTC/USD,2019-10-24,49.73,14041.72152429,0.006272764063132152,50.72258134199288,56.55831033954302,0.0,-1.0,-1.0
LTC/USD,2019-10-25,56.97,44600.48700472,0.14558616529258006,53.84629067099644,56.585879964710706,0.0,-1.0,-1.0
LTC/USD,2019-10-26,56.89,61159.2428048,-0.0014042478497454658,55.36814533549822,56.606245973819846,0.0,-1.0,-1.0
LTC/USD,2019-10-27,59.95,33783.19746658,0.05378801195289151,57.659072667749115,56.830167179345004,1.0,0.0,1.0
LTC/USD,2019-10-28,57.92,18898.20689693,-0.03386155129274393,57.78953633387456,56.903150023481366,1.0,0.0,1.0
LTC/USD,2019-10-29,59.94,19367.62636003,0.034875690607734766,58.86476816693728,57.10651878263175,1.0,0.0,1.0
LTC/USD,2019-10-30,58.06,16458.6138488,-0.03136469803136466,58.46238408346864,57.17037056769861,1.0,0.0,1.0
LTC/USD,2019-10-31,58.41,20789.59929158,0.006028246641405444,58.436192041734316,57.25338484276349,1.0,0.0,1.0
LTC/USD,2019-11-01,58.42,10188.91162206,0.00017120356103417222,58.42809602086716,57.33150957020574,1.0,0.0,1.0
LTC/USD,2019-11-02,58.38,6817.87823028,-0.000684697021567926,58.404048010433584,57.40172383797169,1.0,0.0,1.0
LTC/USD,2019-11-03,58.42,9598.31624107,0.0006851661527920161,58.41202400521679,57.469914746586134,1.0,0.0,1.0
LTC/USD,2019-11-04,61.38,24959.21607716,0.050667579596028745,59.8960120026084,57.731761459753436,1.0,0.0,1.0
LTC/USD,2019-11-05,63.19,17769.36220421,0.029488432714239066,61.5430060013042,58.097283367457656,1.0,0.0,1.0
LTC/USD,2019-11-06,64.15,11261.18621427,0.015192277259060027,62.846503000652106,58.50261569464091,1.0,0.0,1.0
LTC/USD,2019-11-07,61.5,18456.23826765,-0.04130943102104456,62.17325150032605,58.703341555352026,1.0,0.0,1.0
LTC/USD,2019-11-08,60.29,18123.32443518,-0.01967479674796746,61.231625750163026,58.80959532512285,1.0,0.0,1.0
LTC/USD,2019-11-09,62.12,8789.21881415,0.03035329241997009,61.67581287508151,59.0312832235468,1.0,0.0,1.0
LTC/USD,2019-11-10,63.63,30344.669903500002,0.024307791371539045,62.65290643754076,59.339245529541586,1.0,0.0,1.0
LTC/USD,2019-11-11,61.77,13596.2408253,-0.029231494578029205,62.21145321877038,59.502025885085004,1.0,0.0,1.0
LTC/USD,2019-11-12,61.39,13294.67628625,-0.006151853650639527,61.800726609385194,59.62845786386921,1.0,0.0,1.0
LTC/USD,2019-11-13,60.86,9318.099553799999,-0.008633327903567412,61.3303633046926,59.710930556675876,1.0,0.0,1.0
LTC/USD,2019-11-14,58.9,10792.26769622,-0.03220506079526786,60.115181652346294,59.656624963129524,1.0,0.0,1.0
LTC/USD,2019-11-15,57.52,18739.23152746,-0.023429541595925252,58.817590826173145,59.51354158090894,0.0,-1.0,-1.0
LTC/USD,2019-11-16,58.27,5727.92686083,0.013038942976355994,58.54379541308657,59.43026532120989,0.0,-1.0,-1.0
LTC/USD,2019-11-17,59.19,8237.96027876,0.015788570447914818,58.866897706543284,59.4141754713883,0.0,-1.0,-1.0
LTC/USD,2019-11-18,55.77,18621.32394225,-0.05778003041054225,57.31844885327165,59.17013594143306,0.0,-1.0,-1.0
LTC/USD,2019-11-19,55.08,13696.25705068,-0.012372243141474004,56.19922442663582,58.89623177289091,0.0,-1.0,-1.0
LTC/USD,2019-11-20,54.88,15674.53891447,-0.0036310820624545492,55.53961221331791,58.627276745457195,0.0,-1.0,-1.0
LTC/USD,2019-11-21,50.67,21395.12085337,-0.07671282798833823,53.104806106658955,58.09440172573012,0.0,-1.0,-1.0
LTC/USD,2019-11-22,47.45,54215.1980714,-0.06354845075981841,50.27740305332948,57.38157798456602,0.0,-1.0,-1.0
LTC/USD,2019-11-23,48.22,15276.48005569,0.016227608008429817,49.24870152666474,56.768054513566,0.0,-1.0,-1.0
LTC/USD,2019-11-24,43.93,23266.56242191,-0.08896723351306512,46.58935076333237,55.90832840755803,0.0,-1.0,-1.0
LTC/USD,2019-11-25,45.67,50325.01474976,0.039608468017300336,46.12967538166619,55.22269818188426,0.0,-1.0,-1.0
LTC/USD,2019-11-26,47.02,15465.66446047,0.029559886139697955,46.57483769083309,54.67338802290147,0.0,-1.0,-1.0
LTC/USD,2019-11-27,47.8,22526.18152124,0.016588685665674063,47.187418845416545,54.21309778867614,0.0,-1.0,-1.0
LTC/USD,2019-11-28,46.9,14789.79587698,-0.01882845188284521,47.043709422708275,53.72336150684719,0.0,-1.0,-1.0
LTC/USD,2019-11-29,48.67,10701.69953455,0.03773987206823026,47.85685471135414,53.38495300384265,0.0,-1.0,-1.0
LTC/USD,2019-11-30,47.23,5883.87836473,-0.029587014588042027,47.54342735567707,52.97277421370747,0.0,-1.0,-1.0
LTC/USD,2019-12-01,47.5,8757.42483461,0.005716705483802764,47.521713677838534,52.60627889642494,0.0,-1.0,-1.0
LTC/USD,2019-12-02,45.57,7876.41105653,-0.04063157894736846,46.54585683891926,52.1350803477835,0.0,-1.0,-1.0
LTC/USD,2019-12-03,44.77,10847.13522186,-0.017555409260478272,45.65792841945964,51.64186294957171,0.0,-1.0,-1.0
LTC/USD,2019-12-04,44.66,29151.73777882,-0.002457002457002644,45.15896420972982,51.17430847413574,0.0,-1.0,-1.0
LTC/USD,2019-12-05,44.87,11283.26468331,0.004702194357366851,45.01448210486491,50.75212779502257,0.0,-1.0,-1.0
LTC/USD,2019-12-06,45.48,8013.18665543,0.013594829507465933,45.24724105243246,50.39906916822072,0.0,-1.0,-1.0
LTC/USD,2019-12-07,45.2,9437.65479129,-0.006156552330694676,45.22362052621623,50.05090305910889,0.0,-1.0,-1.0
LTC/USD,2019-12-08,45.63,8927.0820204,0.009513274336283128,45.426810263108116,49.75484840643711,0.0,-1.0,-1.0
LTC/USD,2019-12-09,44.41,11584.06815997,-0.026736795967565286,44.91840513155405,49.39691989785879,0.0,-1.0,-1.0
LTC/USD,2019-12-10,44.16,9829.34928709,-0.005629362756136014,44.539202565777025,49.04621903863729,0.0,-1.0,-1.0
LTC/USD,2019-12-11,43.61,5907.34306691,-0.012454710144927494,44.07460128288851,48.68217171217173,0.0,-1.0,-1.0
LTC/USD,2019-12-12,43.62,6413.84305131,0.00022930520522801423,43.84730064144425,48.343173216196,0.0,-1.0,-1.0
LTC/USD,2019-12-13,44.39,5407.40510691,0.01765245300320961,44.118650320722125,48.078441031908895,0.0,-1.0,-1.0
LTC/USD,2019-12-14,43.29,5765.8732949,-0.02478035593602168,43.704325160361066,47.757773460729894,0.0,-1.0,-1.0
LTC/USD,2019-12-15,43.42,7937.12669639,0.0030030030030030463,43.562162580180534,47.4672857486149,0.0,-1.0,-1.0
LTC/USD,2019-12-16,39.87,19509.04582928,-0.08175955780746214,41.716081290090266,46.95851824949389,0.0,-1.0,-1.0
LTC/USD,2019-12-17,36.86,37085.38821065,-0.0754953599197391,39.28804064504513,46.282250692295,0.0,-1.0,-1.0
LTC/USD,2019-12-18,40.83,29337.85494699,0.1077048290830167,40.059020322522564,45.91712977398053,0.0,-1.0,-1.0
LTC/USD,2019-12-19,39.69,12994.5947627,-0.02792064658339455,39.874510161261284,45.50011752164091,0.0,-1.0,-1.0
LTC/USD,2019-12-20,40.15,9597.09355113,0.011589821113630716,40.01225508063064,45.14183615623876,0.0,-1.0,-1.0
LTC/USD,2019-12-21,39.72,9565.17857608,-0.010709838107098357,39.86612754031532,44.77875200842932,0.0,-1.0,-1.0
LTC/USD,2019-12-22,41.95,10146.70415914,0.05614300100704939,40.90806377015766,44.58931894871693,0.0,-1.0,-1.0
LTC/USD,2019-12-23,40.58,13880.69742981,-0.032657926102503065,40.744031885078826,44.320826852715314,0.0,-1.0,-1.0
LTC/USD,2019-12-24,40.3,12478.27112954,-0.006899950714637781,40.52201594253941,44.05156410681125,0.0,-1.0,-1.0
LTC/USD,2019-12-25,40.04,5612.04857763,-0.006451612903225712,40.2810079712697,43.78292165929255,0.0,-1.0,-1.0
LTC/USD,2019-12-26,39.95,10831.66710781,-0.0022477522477521994,40.11550398563485,43.526242362071685,0.0,-1.0,-1.0
LTC/USD,2019-12-27,40.97,7170.21854007,0.025531914893616836,40.54275199281743,43.35505845816176,0.0,-1.0,-1.0
LTC/USD,2019-12-28,42.7,11086.92993612,0.042226019038320795,41.621375996408716,43.31119115284655,0.0,-1.0,-1.0
LTC/USD,2019-12-29,43.09,11292.85565559,0.00913348946135839,42.35568799820436,43.296378643040754,0.0,-1.0,-1.0
LTC/USD,2019-12-30,42.22,11817.89378013,-0.020190299373404552,42.28784399910218,43.22429678533748,0.0,-1.0,-1.0
LTC/USD,2019-12-31,41.15,9509.86452195,-0.025343439128375223,41.718921999551085,43.085387334949324,0.0,-1.0,-1.0
LTC/USD,2020-01-01,41.52,4756.6481301,0.008991494532199384,41.61946099977554,42.98055802803506,0.0,-1.0,-1.0
LTC/USD,2020-01-02,39.32,9192.59351352,-0.05298651252408482,40.469730499887774,42.73542140757737,0.0,-1.0,-1.0
LTC/USD,2020-01-03,42.03,19770.75680414,0.06892166836215674,41.24986524994389,42.68818144620345,0.0,-1.0,-1.0
LTC/USD,2020-01-04,42.76,7715.47236281,0.01736854627646922,42.00493262497194,42.69299091990361,0.0,-1.0,-1.0
LTC/USD,2020-01-05,43.26,16485.00693602,0.011693171188026152,42.632466312485974,42.730961821770926,0.0,-1.0,-1.0
LTC/USD,2020-01-06,45.82,21740.4266908,0.05917706888580687,44.226233156242984,42.93782546760465,1.0,0.0,1.0
LTC/USD,2020-01-07,46.42,33564.82691554,0.013094718463553034,45.32311657812149,43.17101627899548,1.0,0.0,1.0
LTC/USD,2020-01-08,45.31,38879.2767691,-0.023912106850495496,45.31655828906075,43.314257619948116,1.0,0.0,1.0
LTC/USD,2020-01-09,44.84,13651.34842313,-0.01037298609578452,45.07827914453038,43.41643202282936,1.0,0.0,1.0
LTC/USD,2020-01-10,48.97,39810.71557918,0.09210526315789469,47.024139572265184,43.788337856569896,1.0,0.0,1.0
LTC/USD,2020-01-11,49.44,43109.68258592,0.00959771288544009,48.23206978613259,44.16681276317189,1.0,0.0,1.0
LTC/USD,2020-01-12,51.5,22694.877938499998,0.04166666666666674,49.8660348930663,44.65789437493703,1.0,0.0,1.0
LTC/USD,2020-01-13,49.55,23956.79677777,-0.03786407766990296,49.70801744653315,44.985504053742346,1.0,0.0,1.0
LTC/USD,2020-01-14,58.55,104352.3089572,0.18163471241170526,54.12900872326657,45.893877768597335,1.0,0.0,1.0
LTC/USD,2020-01-15,58.12,46469.78982419,-0.0073441502988897955,56.124504361633285,46.71262459955906,1.0,0.0,1.0
LTC/USD,2020-01-16,57.53,30141.23171055,-0.010151410874053579,56.82725218081664,47.43703186956589,1.0,0.0,1.0
LTC/USD,2020-01-17,61.12,60113.65379595,0.06240222492612535,58.97362609040832,48.35333931217712,1.0,0.0,1.0
LTC/USD,2020-01-18,59.36,37929.95482746,-0.028795811518324554,59.16681304520416,49.09042245162419,1.0,0.0,1.0
LTC/USD,2020-01-19,57.71,29897.64635791,-0.02779649595687328,58.43840652260208,49.66764977426576,1.0,0.0,1.0
LTC/USD,2020-01-20,57.11,15883.79666761,-0.010396811644429071,57.77420326130104,50.16604170482688,1.0,0.0,1.0
LTC/USD,2020-01-21,57.6,11477.72731043,0.008579933461740463,57.68710163065052,50.66387165290253,1.0,0.0,1.0
LTC/USD,2020-01-22,58.14,16125.30180616,0.009374999999999911,57.91355081532526,51.1645256032018,1.0,0.0,1.0
LTC/USD,2020-01-23,54.41,32959.73597881,-0.06415548675610605,56.16177540766263,51.38186531460221,1.0,0.0,1.0
LTC/USD,2020-01-24,54.32,25060.77572106,-0.0016541077007902194,55.24088770383132,51.578623404947734,1.0,0.0,1.0
LTC/USD,2020-01-25,53.18,15930.90416554,-0.020986745213549374,54.210443851915656,51.685862804942616,1.0,0.0,1.0
LTC/USD,2020-01-26,56.2,13165.82593409,0.056788266265513476,55.20522192595783,51.988161068691376,1.0,0.0,1.0
LTC/USD,2020-01-27,58.5,21108.15975676,0.040925266903914626,56.852610962978915,52.42423944151975,1.0,0.0,1.0
LTC/USD,2020-01-28,60.66,38286.24524145,0.036923076923076836,58.756305481489456,52.97576368854562,1.0,0.0,1.0
LTC/USD,2020-01-29,59.61,24703.70871567,-0.017309594460929723,59.18315274074473,53.42003864776558,1.0,0.0,1.0
LTC/USD,2020-01-30,67.98,63723.43658858,0.14041268243583294,63.58157637037237,54.395075702872575,1.0,0.0,1.0
LTC/USD,2020-01-31,67.76,37536.73884727,-0.003236245954692518,65.67078818518618,55.290084701395216,1.0,0.0,1.0
LTC/USD,2020-02-01,70.9,36250.15698535,0.046340023612750914,68.2853940925931,56.33543403131421,1.0,0.0,1.0
LTC/USD,2020-02-02,69.85,39031.30004392,-0.014809590973201892,69.06769704629654,57.240464084921705,1.0,0.0,1.0
LTC/USD,2020-02-03,69.7,29592.36938809,-0.0021474588403721517,69.38384852314827,58.074841931999494,1.0,0.0,1.0
LTC/USD,2020-02-04,67.88,20946.64692829,-0.02611190817790543,68.63192426157414,58.7314640353261,1.0,0.0,1.0
LTC/USD,2020-02-05,72.55,25469.05028629,0.06879787860931064,70.59096213078706,59.656850050226446,1.0,0.0,1.0
LTC/USD,2020-02-06,73.4,27952.7295019,0.011716057891109743,71.99548106539353,60.57718768922859,1.0,0.0,1.0
LTC/USD,2020-02-07,74.17,26872.14064566,0.010490463215258705,73.08274053269676,61.48745766628697,1.0,0.0,1.0
LTC/USD,2020-02-08,76.77,24860.10416219,0.03505460428744778,74.92637026634839,62.51088380809241,1.0,0.0,1.0
LTC/USD,2020-02-09,77.08,17979.18698654,0.004038035691025232,76.00318513317418,63.4865339354212,1.0,0.0,1.0
LTC/USD,2020-02-10,74.29,27091.12223426,-0.036196159833938646,75.14659256658709,64.21000973880248,1.0,0.0,1.0
LTC/USD,2020-02-11,76.95,25051.71338412,0.03580562659846542,76.04829628329355,65.0631687744482,1.0,0.0,1.0
LTC/USD,2020-02-12,81.22,37082.76593889,0.05549057829759585,78.63414814164678,66.14514342787177,1.0,0.0,1.0
LTC/USD,2020-02-13,80.62,41884.45519122,-0.007387343018960824,79.6270740708234,67.11448127044406,1.0,0.0,1.0
LTC/USD,2020-02-14,83.28,31882.93123223,0.032994294219796494,81.4535370354117,68.19703770002133,1.0,0.0,1.0
LTC/USD,2020-02-15,76.55,52517.59238274,-0.08081171950048038,79.00176851770584,68.75641059705828,1.0,0.0,1.0
LTC/USD,2020-02-16,74.73,51480.17524309,-0.023775310254735338,76.86588425885293,69.15644400916173,1.0,0.0,1.0
LTC/USD,2020-02-17,73.24,41863.82364475,-0.019938445068914845,75.05294212942647,69.42990753776077,1.0,0.0,1.0
LTC/USD,2020-02-18,77.29,20350.14292662,0.05529765155652666,76.17147106471324,69.9562744162022,1.0,0.0,1.0
LTC/USD,2020-02-19,70.72,47391.77947327,-0.08500452839953432,73.44573553235662,70.00741883383606,1.0,0.0,1.0
LTC/USD,2020-02-20,69.48,26510.99435134,-0.017533936651583648,71.4628677661783,69.97209917232684,1.0,0.0,1.0
LTC/USD,2020-02-21,73.41,18029.25398299,0.05656303972366139,72.43643388308915,70.20232510614967,1.0,0.0,1.0
LTC/USD,2020-02-22,75.04,16982.2804311,0.022204059392453512,73.73821694154458,70.52628972170888,1.0,0.0,1.0
LTC/USD,2020-02-23,79.85,30025.05243442,0.06409914712153508,76.79410847077229,71.15067070682454,1.0,0.0,1.0
LTC/USD,2020-02-24,75.69,28900.25083654,-0.05209768315591734,76.24205423538615,71.4546560100183,1.0,0.0,1.0
LTC/USD,2020-02-25,70.92,20504.65428327,-0.06302021403091551,73.58102711769308,71.41885169647045,1.0,0.0,1.0
LTC/USD,2020-02-26,60.5,76571.51137333,-0.14692611393119004,67.04051355884654,70.68764886250364,0.0,-1.0,-1.0
LTC/USD,2020-02-27,61.61,44745.74762627,0.018347107438016597,64.32525677942327,70.07974587430174,0.0,-1.0,-1.0
LTC/USD,2020-02-28,60.02,31634.09015025,-0.025807498782665084,62.17262838971163,69.40607478719906,0.0,-1.0,-1.0
LTC/USD,2020-02-29,58.13,13881.32178482,-0.031489503498833726,60.151314194855814,68.65094979149232,0.0,-1.0,-1.0
LTC/USD,2020-03-01,57.71,18175.76927966,-0.007225184930328643,58.93065709742791,67.91826711420939,0.0,-1.0,-1.0
LTC/USD,2020-03-02,61.39,18318.82698089,0.06376711141916469,60.160328548713956,67.48108859512175,0.0,-1.0,-1.0
LTC/USD,2020-03-03,60.98,19686.9533241,-0.00667861215181631,60.570164274356976,67.04573014015189,0.0,-1.0,-1.0
LTC/USD,2020-03-04,60.29,14047.58058374,-0.011315185306657871,60.43008213717849,66.59331910268092,0.0,-1.0,-1.0
LTC/USD,2020-03-05,62.08,20212.15840073,0.029689832476364142,61.25504106858924,66.29107562413438,0.0,-1.0,-1.0
LTC/USD,2020-03-06,63.39,22123.99840639,0.021101804123711432,62.322520534294625,66.09679926826047,0.0,-1.0,-1.0
LTC/USD,2020-03-07,60.5,14414.17475761,-0.045590787190408544,61.41126026714731,65.72199836429584,0.0,-1.0,-1.0
LTC/USD,2020-03-08,50.98,26471.9099771,-0.1573553719008265,56.19563013357366,64.73477083506907,0.0,-1.0,-1.0
LTC/USD,2020-03-09,50.5,49575.912077099994,-0.009415457041977215,53.34781506678683,63.78151081608486,0.0,-1.0,-1.0
LTC/USD,2020-03-10,50.12,20659.25942184,-0.0075247524752475314,51.73390753339341,62.86664030564363,0.0,-1.0,-1.0
LTC/USD,2020-03-11,48.56,20884.59592076,-0.031125299281723806,50.14695376669671,61.90856740321527,0.0,-1.0,-1.0
LTC/USD,2020-03-12,30.05,170745.2933792,-0.381177924217463,40.098476883348354,59.775094450297985,0.0,-1.0,-1.0
LTC/USD,2020-03-13,37.89,273082.92395917,0.26089850249584035,38.99423844167418,58.30951514502648,0.0,-1.0,-1.0
LTC/USD,2020-03-14,34.29,26122.57883089,-0.09501187648456055,36.64211922083709,56.70100007102707,0.0,-1.0,-1.0
LTC/USD,2020-03-15,36.35,36456.8443916,0.060075823855351373,36.49605961041854,55.338154477035665,0.0,-1.0,-1.0
LTC/USD,2020-03-16,33.2,90973.96394102,-0.08665749656121036,34.84802980520927,53.855628498812045,0.0,-1.0,-1.0
LTC/USD,2020-03-17,34.29,32060.34905209,0.032831325301204695,34.569014902604636,52.54537688954399,0.0,-1.0,-1.0
LTC/USD,2020-03-18,34.71,34529.55569013,0.012248468941382429,34.63950745130232,51.35099505443731,0.0,-1.0,-1.0
LTC/USD,2020-03-19,39.11,44448.62632332,0.12676462114664355,36.87475372565116,50.53125223502868,0.0,-1.0,-1.0
LTC/USD,2020-03-20,38.13,82051.87491596,-0.025057530043467113,37.502376862825585,49.700777471651115,0.0,-1.0,-1.0
LTC/USD,2020-03-21,38.4,19747.61907279,0.007081038552321006,37.95118843141279,48.94399821106621,0.0,-1.0,-1.0
LTC/USD,2020-03-22,35.42,29726.29485028,-0.07760416666666659,36.685594215706395,48.03833650840932,0.0,-1.0,-1.0
LTC/USD,2020-03-23,39.14,25235.90284609,0.10502540937323546,37.912797107853194,47.44244153214221,0.0,-1.0,-1.0
LTC/USD,2020-03-24,40.71,38665.14716611,0.04011241696474199,39.311398553926594,46.99159006308121,0.0,-1.0,-1.0
LTC/USD,2020-03-25,39.38,24793.03784275,-0.03267010562515349,39.3456992769633,46.481864646908406,0.0,-1.0,-1.0
LTC/USD,2020-03-26,40.56,14962.5270808,0.02996444895886241,39.95284963848165,46.08529508698094,0.0,-1.0,-1.0
LTC/USD,2020-03-27,38.06,29932.44425216,-0.061637080867850136,39.00642481924083,45.547865082971384,0.0,-1.0,-1.0
LTC/USD,2020-03-28,39.01,22571.15663595,0.024960588544403528,39.00821240962041,45.11004381662876,0.0,-1.0,-1.0
LTC/USD,2020-03-29,37.1,13945.66527355,-0.04896180466547029,38.05410620481021,44.57363514456997,0.0,-1.0,-1.0
LTC/USD,2020-03-30,38.99,17358.75838997,0.050943396226415194,38.52205310240511,44.19971580258812,0.0,-1.0,-1.0
LTC/USD,2020-03-31,39.25,10328.62534697,0.006668376506796525,38.886026551202555,43.86824814254577,0.0,-1.0,-1.0
LTC/USD,2020-04-01,39.44,16744.24656974,0.004840764331210057,39.16301327560127,43.57170161170676,0.0,-1.0,-1.0
LTC/USD,2020-04-02,39.96,33757.74471568,0.013184584178498993,39.56150663780063,43.32983675930904,0.0,-1.0,-1.0
LTC/USD,2020-04-03,40.51,16021.94505233,0.013763763763763759,40.03575331890032,43.141000727183545,0.0,-1.0,-1.0
LTC/USD,2020-04-04,40.8,9846.83543376,0.007158726240434454,40.41787665945016,42.98423091167388,0.0,-1.0,-1.0
LTC/USD,2020-04-05,40.36,6949.29335789,-0.010784313725490158,40.38893832972508,42.80849401800243,0.0,-1.0,-1.0
LTC/USD,2020-04-06,45.07,34079.69666185,0.11669970267591667,42.729469164862536,42.95994030823844,0.0,-1.0,-1.0
LTC/USD,2020-04-07,44.76,41403.00303198,-0.006878189483026431,43.74473458243126,43.08048492085089,1.0,0.0,1.0
LTC/USD,2020-04-08,46.58,17798.89862172,0.04066130473637175,45.16236729121563,43.314836976773364,1.0,0.0,1.0
LTC/USD,2020-04-09,46.33,12758.56438914,-0.005367110347788806,45.746183645607815,43.5167534244677,1.0,0.0,1.0
LTC/USD,2020-04-10,42.21,23352.40433397,-0.08892726095402537,43.978091822803904,43.42924405683207,1.0,0.0,1.0
LTC/USD,2020-04-11,42.62,12548.60983401,0.00971333807154684,43.29904591140195,43.375051403229406,0.0,-1.0,-1.0
LTC/USD,2020-04-12,42.02,15306.97509202,-0.014077897700609965,42.65952295570098,43.28430766444127,0.0,-1.0,-1.0
LTC/USD,2020-04-13,41.27,21330.8735828,-0.017848643503093786,41.96476147785049,43.14941550602915,0.0,-1.0,-1.0
LTC/USD,2020-04-14,41.18,12546.65995901,-0.0021807608432276027,41.57238073892525,43.01752964116935,0.0,-1.0,-1.0
LTC/USD,2020-04-15,39.26,16055.29595953,-0.046624575036425475,40.416190369462626,42.76589912188845,0.0,-1.0,-1.0
LTC/USD,2020-04-16,42.52,35954.21527207,0.08303616912888456,41.46809518473131,42.74943199331185,0.0,-1.0,-1.0
LTC/USD,2020-04-17,42.32,11488.00628329,-0.004703668861712251,41.89404759236565,42.72067421738137,0.0,-1.0,-1.0
LTC/USD,2020-04-18,44.08,14672.90123182,0.041587901701323204,42.987023796182825,42.81170419857024,1.0,0.0,1.0
LTC/USD,2020-04-19,42.31,17897.27538294,-0.04015426497277663,42.648511898091414,42.77810656925856,0.0,-1.0,-1.0
LTC/USD,2020-04-20,40.32,21087.79525913,-0.047033798156464246,41.4842559490457,42.61349452583159,0.0,-1.0,-1.0
LTC/USD,2020-04-21,40.65,10962.20312754,0.008184523809523725,41.06712797452285,42.48200517130279,0.0,-1.0,-1.0
LTC/USD,2020-04-22,41.83,9599.67450564,0.02902829028290288,41.44856398726142,42.43834233547811,0.0,-1.0,-1.0
LTC/USD,2020-04-23,42.95,21734.73796052,0.026775041836002877,42.19928199363071,42.47260651862841,0.0,-1.0,-1.0
LTC/USD,2020-04-24,44.51,18842.4116398,0.03632130384167631,43.354640996815355,42.60904466513828,1.0,0.0,1.0
LTC/USD,2020-04-25,44.4,14592.0231114,-0.002471354751741206,43.87732049840768,42.72897958620516,1.0,0.0,1.0
LTC/USD,2020-04-26,44.66,10556.89592161,0.005855855855855907,44.26866024920383,42.858294246598355,1.0,0.0,1.0
LTC/USD,2020-04-27,44.56,10653.94455172,-0.0022391401701745695,44.41433012460192,42.97225239018827,1.0,0.0,1.0
LTC/USD,2020-04-28,45.78,13840.33274794,0.027378815080789876,45.09716506230096,43.16027884813704,1.0,0.0,1.0
LTC/USD,2020-04-29,48.81,39560.3901577,0.06618610747051124,46.95358253115048,43.538623772328535,1.0,0.0,1.0
LTC/USD,2020-04-30,46.37,49042.37048988,-0.04998975619750057,46.66179126557524,43.72823256812949,1.0,0.0,1.0
LTC/USD,2020-05-01,47.1,15505.18438087,0.01574293724390774,46.88089563278762,43.95402974627549,1.0,0.0,1.0
LTC/USD,2020-05-02,49.21,23527.68364288,0.044798301486199454,48.04544781639381,44.306006350738954,1.0,0.0,1.0
LTC/USD,2020-05-03,48.07,19224.36151197,-0.02316602316602323,48.057723908196905,44.55806974530442,1.0,0.0,1.0
LTC/USD,2020-05-04,47.09,20563.55191331,-0.020386935718743393,47.573861954098454,44.72762554009884,1.0,0.0,1.0
LTC/USD,2020-05-05,46.44,12506.29716137,-0.013803355277129059,47.00693097704922,44.8422981350472,1.0,0.0,1.0
LTC/USD,2020-05-06,45.04,20928.1365187,-0.030146425495262696,46.02346548852461,44.85553763751068,1.0,0.0,1.0
LTC/USD,2020-05-07,47.42,18633.27744241,0.05284191829484919,46.721732744262304,45.02727201024304,1.0,0.0,1.0
LTC/USD,2020-05-08,47.82,16314.89742982,0.008435259384226068,47.27086637213115,45.21429264916849,1.0,0.0,1.0
LTC/USD,2020-05-09,47.06,21178.93532796,-0.01589293182768714,47.16543318606558,45.3378941489522,1.0,0.0,1.0
LTC/USD,2020-05-10,42.18,46775.2009009,-0.10369740756481094,44.67271659303279,45.12641942475344,0.0,-1.0,-1.0
LTC/USD,2020-05-11,41.64,22647.86958703,-0.012802275960170695,43.156358296516395,44.892944345629736,0.0,-1.0,-1.0
LTC/USD,2020-05-12,42.14,20828.64830754,0.012007684918347694,42.648179148258194,44.70858789833725,0.0,-1.0,-1.0
LTC/USD,2020-05-13,43.28,13028.65193688,0.027052681537731438,42.9640895741291,44.61291964045888,0.0,-1.0,-1.0
LTC/USD,2020-05-14,43.97,22919.17362858,0.015942698706099767,43.46704478706455,44.56986523545511,0.0,-1.0,-1.0
LTC/USD,2020-05-15,42.65,15352.25180641,-0.03002046850125084,43.05852239353227,44.4412976039842,0.0,-1.0,-1.0
LTC/USD,2020-05-16,43.26,7108.45742144,0.014302461899179386,43.15926119676614,44.36218963734064,0.0,-1.0,-1.0
LTC/USD,2020-05-17,43.64,9177.20264343,0.00878409616273701,43.39963059838307,44.31382675778482,0.0,-1.0,-1.0
LTC/USD,2020-05-18,45.28,22921.63593389,0.03758020164986253,44.339815299191535,44.378528489473155,0.0,-1.0,-1.0
LTC/USD,2020-05-19,45.78,13349.3013748,0.011042402826855202,45.05990764959577,44.47238084397953,1.0,0.0,1.0
LTC/USD,2020-05-20,44.18,16410.87749445,-0.03494975972040193,44.61995382479789,44.45280097352628,1.0,0.0,1.0
LTC/USD,2020-05-21,42.66,15284.54426912,-0.03440470801267548,43.63997691239894,44.33274245555932,0.0,-1.0,-1.0
LTC/USD,2020-05-22,44.14,12356.39577948,0.034692920768870206,43.889988456199475,44.31983506990667,0.0,-1.0,-1.0
LTC/USD,2020-05-23,43.86,6314.99179307,-0.0063434526506570554,43.87499422809974,44.289041290888555,0.0,-1.0,-1.0
LTC/USD,2020-05-24,42.13,14719.00222239,-0.039443684450524374,43.00249711404987,44.14445675448924,0.0,-1.0,-1.0
LTC/USD,2020-05-25,42.98,7391.74982919,0.020175646807500502,42.99124855702493,44.066476569156336,0.0,-1.0,-1.0
LTC/USD,2020-05-26,42.3,4072.73026538,-0.01582131223825034,42.645624278512464,43.94818091779961,0.0,-1.0,-1.0
LTC/USD,2020-05-27,43.75,10199.73666328,0.03427895981087481,43.19781213925623,43.934909334600086,0.0,-1.0,-1.0
LTC/USD,2020-05-28,44.75,7234.80957312,0.02285714285714291,43.973906069628114,43.98949351808819,0.0,-1.0,-1.0
LTC/USD,2020-05-29,44.48,11674.75160675,-0.0060335195530727415,44.22695303481406,44.02234126981363,1.0,0.0,1.0
LTC/USD,2020-05-30,47.74,21971.29974908,0.07329136690647498,45.98347651740703,44.27130175346129,1.0,0.0,1.0
LTC/USD,2020-05-31,45.59,10014.4176869,-0.045035609551738576,45.786738258703515,44.35961103009764,1.0,0.0,1.0
LTC/USD,2020-06-01,48.25,19618.1083399,0.05834612853695975,47.018369129351754,44.62013874117021,1.0,0.0,1.0
LTC/USD,2020-06-02,45.93,40341.50917811,-0.0480829015544042,46.47418456467588,44.70785623117587,1.0,0.0,1.0
LTC/USD,2020-06-03,47.11,15812.25087535,0.02569126932288257,46.79209228233794,44.86872061327252,1.0,0.0,1.0
LTC/USD,2020-06-04,47.46,18133.41411886,0.007429420505200568,47.12604614116897,45.042250841893996,1.0,0.0,1.0
LTC/USD,2020-06-05,46.96,15241.69192504,-0.010535187526337975,47.04302307058448,45.17067676599516,1.0,0.0,1.0
LTC/USD,2020-06-06,46.75,7265.24866839,-0.004471890971039172,46.89651153529224,45.27643931837288,1.0,0.0,1.0
LTC/USD,2020-06-07,46.56,8785.4421248,-0.00406417112299462,46.72825576764612,45.36239553740243,1.0,0.0,1.0
LTC/USD,2020-06-08,46.51,10420.51517016,-0.0010738831615121347,46.619127883823055,45.43924717516159,1.0,0.0,1.0
LTC/USD,2020-06-09,45.93,14385.16698328,-0.012470436465276236,46.274563941911524,45.472111423735875,1.0,0.0,1.0
LTC/USD,2020-06-10,46.69,12452.08833923,0.016546919224907475,46.48228197095576,45.55366977832978,1.0,0.0,1.0
LTC/USD,2020-06-11,43.24,20848.39101685,-0.07389162561576346,44.86114098547788,45.398730234703336,0.0,-1.0,-1.0
LTC/USD,2020-06-12,44.68,14535.70644872,0.033302497687326404,44.77057049273894,45.3505990209932,0.0,-1.0,-1.0
LTC/USD,2020-06-13,45.08,6777.68254635,0.00895255147717089,44.92528524636947,45.33247781406422,0.0,-1.0,-1.0
LTC/USD,2020-06-14,44.17,10409.45993962,-0.020186335403726607,44.547642623184736,45.254630152451504,0.0,-1.0,-1.0
LTC/USD,2020-06-15,43.79,15529.72461348,-0.008603124292506314,44.16882131159237,45.15654825263684,0.0,-1.0,-1.0
LTC/USD,2020-06-16,43.84,12432.65109723,0.0011418131993605751,44.004410655796185,45.06838295466031,0.0,-1.0,-1.0
LTC/USD,2020-06-17,44.04,17458.67922062,0.0045620437956204185,44.02220532789809,44.99951522463217,0.0,-1.0,-1.0
LTC/USD,2020-06-18,43.42,11031.21654852,-0.01407811080835597,43.72110266394905,44.893739815216485,0.0,-1.0,-1.0
LTC/USD,2020-06-19,42.72,10897.18810408,-0.016121602947950286,43.22055133197452,44.748170962614104,0.0,-1.0,-1.0
LTC/USD,2020-06-20,43.57,12610.4379865,0.01989700374531833,43.395275665987256,44.66927237778964,0.0,-1.0,-1.0
LTC/USD,2020-06-21,42.97,5130.87350038,-0.013770943309616701,43.18263783299363,44.555477190084936,0.0,-1.0,-1.0
LTC/USD,2020-06-22,44.37,12130.8906339,0.03258087037467994,43.77631891649681,44.543056337526785,0.0,-1.0,-1.0
LTC/USD,2020-06-23,44.12,9030.26499019,-0.00563443768311922,43.948159458248405,44.51472552019123,0.0,-1.0,-1.0
LTC/USD,2020-06-24,42.56,11277.30903237,-0.035358114233907445,43.2540797291242,44.383823399737366,0.0,-1.0,-1.0
LTC/USD,2020-06-25,42.33,7399.59451843,-0.005404135338345939,42.7920398645621,44.24628499074525,0.0,-1.0,-1.0
LTC/USD,2020-06-26,43.06,12627.46602129,0.01724545239782671,42.92601993228105,44.16684303373025,0.0,-1.0,-1.0
LTC/USD,2020-06-27,41.07,16546.55378582,-0.04621458430097547,41.99800996614053,43.95945672008126,0.0,-1.0,-1.0
LTC/USD,2020-06-28,41.36,13211.59703014,0.007061115169223253,41.679004983070264,43.78537887990788,0.0,-1.0,-1.0
LTC/USD,2020-06-29,41.88,13972.6024118,0.012572533849129597,41.77950249153513,43.657781356331505,0.0,-1.0,-1.0
LTC/USD,2020-06-30,41.25,11825.67622594,-0.015042979942693435,41.51475124576757,43.496539441864535,0.0,-1.0,-1.0
LTC/USD,2020-07-01,41.77,9527.83603984,0.012606060606060732,41.64237562288379,43.38091826044915,0.0,-1.0,-1.0
LTC/USD,2020-07-02,41.03,10690.23859672,-0.017716064160881007,41.336187811441896,43.22348429740537,0.0,-1.0,-1.0
LTC/USD,2020-07-03,41.19,7342.2317723999995,0.0038995856690224873,41.26309390572095,43.08730793725126,0.0,-1.0,-1.0
LTC/USD,2020-07-04,42.11,8108.69551588,0.022335518329691606,41.686546952860475,43.02186054834621,0.0,-1.0,-1.0
LTC/USD,2020-07-05,41.67,7704.25262363,-0.010448824507242827,41.678273476430235,42.931330491564054,0.0,-1.0,-1.0
LTC/USD,2020-07-06,44.12,14078.8575444,0.058795296376289885,42.89913673821512,43.01093213259543,0.0,-1.0,-1.0
LTC/USD,2020-07-07,43.31,10079.61563833,-0.018359020852221075,43.10456836910756,43.03095981300299,1.0,0.0,1.0
LTC/USD,2020-07-08,45.34,21957.70025767,0.04687139228815518,44.222284184553786,43.18558932674747,1.0,0.0,1.0
LTC/USD,2020-07-09,44.33,23292.34175477,-0.022276135862373314,44.27614209227689,43.26222708598854,1.0,0.0,1.0
LTC/USD,2020-07-10,44.29,10463.87204176,-0.0009023234829685922,44.283071046138446,43.331053963419386,1.0,0.0,1.0
LTC/USD,2020-07-11,44.69,6282.60884804,0.009031384059607017,44.48653552306922,43.4220585141521,1.0,0.0,1.0
LTC/USD,2020-07-12,44.69,0.0,0.0,44.58826776153461,43.5069687623657,1.0,0.0,1.0
LTC/USD,2020-07-13,43.98,33106.00578307,-0.015887223092414415,44.2841338807673,43.53864624925972,1.0,0.0,1.0
LTC/USD,2020-07-14,43.92,16140.47887892,-0.0013642564802182067,44.10206694038365,43.56418436911301,1.0,0.0,1.0
LTC/USD,2020-07-15,43.32,15190.57050301,-0.013661202185792365,43.71103347019182,43.54783207240004,1.0,0.0,1.0
LTC/USD,2020-07-16,42.06,25055.97569676,-0.02908587257617723,42.88551673509591,43.448196409415814,0.0,-1.0,-1.0
LTC/USD,2020-07-17,41.92,11092.07302064,-0.003328578221588274,42.40275836754796,43.34585766753304,0.0,-1.0,-1.0
LTC/USD,2020-07-18,42.5,7464.49138604,0.013835877862595325,42.45137918377398,43.2892131099527,0.0,-1.0,-1.0
LTC/USD,2020-07-19,42.66,7005.20969956,0.0037647058823528923,42.55568959188699,43.24707659029334,0.0,-1.0,-1.0
LTC/USD,2020-07-20,42.01,11617.12116693,-0.015236755743084807,42.28284479594349,43.16423327180155,0.0,-1.0,-1.0
LTC/USD,2020-07-21,43.8,13756.35060498,0.04260890264222805,43.04142239797174,43.20680866766943,0.0,-1.0,-1.0
LTC/USD,2020-07-22,45.06,13419.96105847,0.028767123287671392,44.05071119898587,43.33091134730553,1.0,0.0,1.0
LTC/USD,2020-07-23,45.07,21546.09346148,0.0002219263204614741,44.56035559949294,43.44737291182877,1.0,0.0,1.0
LTC/USD,2020-07-24,44.2,14264.62369757,-0.01930330596849339,44.38017779974647,43.497774096411966,1.0,0.0,1.0
LTC/USD,2020-07-25,49.06,42404.80292889,0.10995475113122177,46.72008889987323,43.870259725571735,1.0,0.0,1.0
LTC/USD,2020-07-26,48.13,42786.9124116,-0.018956379942926982,47.42504444993662,44.15552178858037,1.0,0.0,1.0
LTC/USD,2020-07-27,53.32,92183.49309973,0.1078329524205277,50.37252222496831,44.76923947852526,1.0,0.0,1.0
LTC/USD,2020-07-28,55.85,83590.33884952,0.047449362340585166,53.11126111248416,45.511284862145466,1.0,0.0,1.0
LTC/USD,2020-07-29,55.26,59836.3554836,-0.010564010743061791,54.185630556242074,46.164127151287424,1.0,0.0,1.0
LTC/USD,2020-07-30,56.61,43588.64222157,0.02442996742671011,55.39781527812104,46.86365600675259,1.0,0.0,1.0
LTC/USD,2020-07-31,58.29,37220.53272159999,0.029676735559088563,56.84390763906052,47.628844081651735,1.0,0.0,1.0
LTC/USD,2020-08-01,61.83,53445.55640512,0.06073082861554302,59.33695381953026,48.579853010222884,1.0,0.0,1.0
LTC/USD,2020-08-02,56.78,112464.30823643,-0.081675562024907,58.05847690976513,49.128992323086706,1.0,0.0,1.0
LTC/USD,2020-08-03,58.54,36352.73938122,0.030996829869672338,58.29923845488257,49.75921935383372,1.0,0.0,1.0
LTC/USD,2020-08-04,57.68,29998.13618215,-0.014690809702767371,57.98961922744128,50.28965033840063,1.0,0.0,1.0
LTC/USD,2020-08-05,58.89,25487.83447376,0.02097780859916787,58.43980961372064,50.86559002697536,1.0,0.0,1.0
LTC/USD,2020-08-06,59.08,29042.15741969,0.0032263542197317197,58.75990480686032,51.41568448915904,1.0,0.0,1.0
LTC/USD,2020-08-07,57.22,37520.88350797,-0.03148273527420442,57.98995240343016,51.80438213509657,1.0,0.0,1.0
LTC/USD,2020-08-08,58.44,23162.0537427,0.02132121635791684,58.214976201715075,52.24874961281406,1.0,0.0,1.0
LTC/USD,2020-08-09,57.01,15542.77433732,-0.024469541409993134,57.61248810085753,52.56759630778812,1.0,0.0,1.0
LTC/USD,2020-08-10,58.31,24269.68643131,0.022803017014559,57.96124405042877,52.95214790444355,1.0,0.0,1.0
LTC/USD,2020-08-11,54.11,43676.92741419,-0.07202881152460994,56.03562202521438,53.02968579552581,1.0,0.0,1.0
LTC/USD,2020-08-12,54.5,28202.54815032,0.007207540195897311,55.26781101260719,53.12814833930039,1.0,0.0,1.0
LTC/USD,2020-08-13,57.25,36732.37048081,0.050458715596330306,56.25890550630359,53.40417641434649,1.0,0.0,1.0
LTC/USD,2020-08-14,56.85,52391.54499729,-0.006986899563318771,56.55445275315179,53.634932911569614,1.0,0.0,1.0
LTC/USD,2020-08-15,59.91,62045.3630706,0.053825857519788745,58.232226376575895,54.05515538238763,1.0,0.0,1.0
LTC/USD,2020-08-16,63.93,52119.73836657,0.06710065097646467,61.081113188287944,54.716444185467985,1.0,0.0,1.0
LTC/USD,2020-08-17,67.35,123983.06813487,0.05349601126231818,64.21555659414398,55.56247562461997,1.0,0.0,1.0
LTC/USD,2020-08-18,65.47,131382.25769382,-0.02791388270230133,64.84277829707199,56.22595289331534,1.0,0.0,1.0
LTC/USD,2020-08-19,62.09,145228.71798716,-0.05162669925156549,63.466389148535995,56.61865058553725,1.0,0.0,1.0
LTC/USD,2020-08-20,62.86,46609.57942439,0.012401352874858995,63.163194574268,57.03661508459732,1.0,0.0,1.0
LTC/USD,2020-08-21,59.13,52885.11996981,-0.05933821189945909,61.146597287134,57.176802809943815,1.0,0.0,1.0
LTC/USD,2020-08-22,60.26,37218.98757337,0.019110434635548623,60.703298643566995,57.383275302264,1.0,0.0,1.0
LTC/USD,2020-08-23,60.59,26267.98103859,0.005476269498838393,60.6466493217835,57.598020062236415,1.0,0.0,1.0
LTC/USD,2020-08-24,62.1,29347.46185423,0.024921604225119687,61.373324660891754,57.89950419082975,1.0,0.0,1.0
LTC/USD,2020-08-25,58.33,60109.15373322,-0.0607085346215781,59.851662330445876,57.92833320732583,1.0,0.0,1.0
LTC/USD,2020-08-26,58.1,28107.51107274,-0.00394308246185493,58.97583116522294,57.93982921888369,1.0,0.0,1.0
LTC/USD,2020-08-27,56.15,39585.23785634,-0.033562822719449326,57.56291558261147,57.81996971043503,0.0,-1.0,-1.0
LTC/USD,2020-08-28,57.41,29539.52911718,0.02243989314336603,57.48645779130573,57.792515265366674,0.0,-1.0,-1.0
LTC/USD,2020-08-29,56.99,20177.54716526,-0.007315798641351567,57.23822889565287,57.738773218799025,0.0,-1.0,-1.0
LTC/USD,2020-08-30,62.91,36471.18207642,0.1038778733111072,60.07411444782643,58.0850748064208,1.0,0.0,1.0
LTC/USD,2020-08-31,60.97,25968.86120029,-0.030837704657447063,60.522057223913215,58.2782696162749,1.0,0.0,1.0
LTC/USD,2020-09-01,62.74,47873.77353808,0.02903067082171562,61.63102861195661,58.577058352642304,1.0,0.0,1.0
LTC/USD,2020-09-02,58.1,55292.51567062,-0.07395600892572518,59.86551430597831,58.54511118190347,1.0,0.0,1.0
LTC/USD,2020-09-03,47.5,92382.2291638,-0.18244406196213425,53.682757152989154,57.805453127908045,0.0,-1.0,-1.0
LTC/USD,2020-09-04,50.38,63119.25609978,0.06063157894736837,52.031378576494575,57.30819274544839,0.0,-1.0,-1.0
LTC/USD,2020-09-05,47.77,64940.02408314,-0.05180627233028978,49.90068928824729,56.66944851114038,0.0,-1.0,-1.0
LTC/USD,2020-09-06,47.92,26643.03728991,0.0031400460540087494,48.91034464412365,56.08352411864657,0.0,-1.0,-1.0
LTC/USD,2020-09-07,48.82,27031.78349985,0.018781302170283842,48.865172322061824,55.59710763752057,0.0,-1.0,-1.0
LTC/USD,2020-09-08,47.48,26635.36902033,-0.027447767308480198,48.17258616103091,55.05352922166209,0.0,-1.0,-1.0
LTC/USD,2020-09-09,47.86,17964.19201952,0.008003369839932661,48.01629308051545,54.57180008939483,0.0,-1.0,-1.0
LTC/USD,2020-09-10,48.7,23786.16907423,0.017551190973673192,48.35814654025773,54.17858320311415,0.0,-1.0,-1.0
LTC/USD,2020-09-11,48.98,14144.59178388,0.005749486652977254,48.66907327012886,53.8304496377546,0.0,-1.0,-1.0
LTC/USD,2020-09-12,50.82,14343.96994427,0.03756635361371985,49.744536635064435,53.62884883138507,0.0,-1.0,-1.0
LTC/USD,2020-09-13,48.17,23571.98966417,-0.052144824872097595,48.95726831753222,53.26328605549441,0.0,-1.0,-1.0
LTC/USD,2020-09-14,49.09,23690.74515984,0.019099024288976585,49.023634158766114,52.9838135728968,0.0,-1.0,-1.0
LTC/USD,2020-09-15,48.31,32381.53022576,-0.015889183133021012,48.66681707938306,52.670822259805234,0.0,-1.0,-1.0
LTC/USD,2020-09-16,47.73,27210.89729147,-0.012005795901469773,48.19840853969153,52.339950173717725,0.0,-1.0,-1.0
LTC/USD,2020-09-17,48.89,16512.4804304,0.024303373140582618,48.544204269845764,52.108917331236775,0.0,-1.0,-1.0
LTC/USD,2020-09-18,48.54,16061.99772923,-0.00715892820617714,48.542102134922885,51.8699176141114,0.0,-1.0,-1.0
LTC/USD,2020-09-19,48.5,9552.56992063,-0.0008240626287597808,48.52105106746144,51.64424431272694,0.0,-1.0,-1.0
LTC/USD,2020-09-20,47.08,13613.24509137,-0.029278350515463902,47.80052553373072,51.33859052520848,0.0,-1.0,-1.0
LTC/USD,2020-09-21,43.15,41785.23330075,-0.08347493627867464,45.475262766865356,50.79022511420522,0.0,-1.0,-1.0
LTC/USD,2020-09-22,44.49,22737.70386532,0.031054461181923676,44.982631383432675,50.36831788566222,0.0,-1.0,-1.0
LTC/USD,2020-09-23,42.89,22379.84279975,-0.03596313778377169,43.93631569171634,49.867517308522636,0.0,-1.0,-1.0
LTC/USD,2020-09-24,44.96,18767.50049496,0.04826299836791792,44.44815784585817,49.538875555389545,0.0,-1.0,-1.0
LTC/USD,2020-09-25,46.02,15975.74220971,0.023576512455516063,45.234078922929086,49.30322698629085,0.0,-1.0,-1.0
LTC/USD,2020-09-26,46.02,0.0,0.0,45.62703946146455,49.08335909691333,0.0,-1.0,-1.0
LTC/USD,2020-09-27,46.02,0.0,0.0,45.82351973073227,48.878215102344534,0.0,-1.0,-1.0
LTC/USD,2020-09-28,46.02,0.0,0.0,45.92175986536614,48.686808987396205,0.0,-1.0,-1.0
LTC/USD,2020-09-29,46.02,0.0,0.0,45.970879932683076,48.508220767367526,0.0,-1.0,-1.0
LTC/USD,2020-09-30,46.24,17335.47048508,0.004780530204258948,46.105439966341535,48.356324808042835,0.0,-1.0,-1.0
LTC/USD,2020-10-01,46.25,35527.24372327,0.00021626297577848064,46.17771998317077,48.215270536796396,0.0,-1.0,-1.0
LTC/USD,2020-10-02,44.92,28177.11690784,-0.028756756756756707,45.54885999158539,47.99459612687024,0.0,-1.0,-1.0
LTC/USD,2020-10-03,45.53,12026.80074199,0.013579697239537003,45.539429995792695,47.82954949718377,0.0,-1.0,-1.0
LTC/USD,2020-10-04,46.72,16045.80297318,0.026136613222051297,46.12971499789634,47.75524628661553,0.0,-1.0,-1.0
LTC/USD,2020-10-05,46.37,16300.0496511,-0.007491438356164393,46.249857498948174,47.66248048681614,0.0,-1.0,-1.0
LTC/USD,2020-10-06,46.01,22774.06715958,-0.007763640284666806,46.12992874947409,47.551818812070266,0.0,-1.0,-1.0
LTC/USD,2020-10-07,46.61,9874.63471504,0.013040643338404712,46.369964374737044,47.488748023711565,0.0,-1.0,-1.0
LTC/USD,2020-10-08,47.25,16120.31153224,0.013730959021669209,46.80998218736852,47.4727597827871,0.0,-1.0,-1.0
LTC/USD,2020-10-09,47.8,19799.03165446,0.011640211640211673,47.30499109368426,47.494674081182694,0.0,-1.0,-1.0
LTC/USD,2020-10-10,48.85,27961.53604308,0.021966527196652708,48.07749554684213,47.58543620345852,1.0,0.0,1.0
LTC/USD,2020-10-11,50.51,26328.92914247,0.03398157625383824,49.29374777342106,47.78128549197266,1.0,0.0,1.0
LTC/USD,2020-10-12,50.62,30400.04898015,0.0021777865769154747,49.956873886710525,47.97138571045632,1.0,0.0,1.0
LTC/USD,2020-10-13,49.95,33293.89317014,-0.013235875148162712,49.953436943355264,48.103887590329585,1.0,0.0,1.0
LTC/USD,2020-10-14,49.82,15399.71649305,-0.0026026026026026994,49.88671847167763,48.21881050459177,1.0,0.0,1.0
LTC/USD,2020-10-15,49.57,14765.23435371,-0.005018065034122832,49.728359235838816,48.309295622966154,1.0,0.0,1.0
LTC/USD,2020-10-16,47.62,41134.08336178,-0.03933830946136785,48.67417961791941,48.26313555714934,1.0,0.0,1.0
LTC/USD,2020-10-17,46.94,13515.19812519,-0.014279714405711852,47.8070898089597,48.174529127095774,0.0,-1.0,-1.0
LTC/USD,2020-10-18,47.59,18072.7402715,0.013847464848743218,47.69854490447985,48.13538496009457,0.0,-1.0,-1.0
LTC/USD,2020-10-19,48.0,14809.55104384,0.008615255305736369,47.84927245223993,48.126318634326125,0.0,-1.0,-1.0
LTC/USD,2020-10-20,46.93,21741.3511899,-0.02229166666666671,47.38963622611996,48.04620475421653,0.0,-1.0,-1.0
LTC/USD,2020-10-21,53.13,65769.44235156,0.13211165565736205,50.25981811305998,48.38665131346605,1.0,0.0,1.0
LTC/USD,2020-10-22,54.41,4458.41558805,0.02409185017880655,52.33490905652999,48.79001695593392,1.0,0.0,1.0
LTC/USD,2020-10-23,55.43,42849.38162688,0.01874655394229019,53.882454528264994,49.23467675664135,1.0,0.0,1.0
LTC/USD,2020-10-24,59.28,33514.62155169,0.06945697275843399,56.581227264132494,49.907382003294856,1.0,0.0,1.0
LTC/USD,2020-10-25,58.89,48263.86328933,-0.006578947368421018,57.73561363206625,50.50892105870184,1.0,0.0,1.0
LTC/USD,2020-10-26,56.9,43358.05865469,-0.03379181524876895,57.317806816033126,50.93691249625269,1.0,0.0,1.0
LTC/USD,2020-10-27,57.95,30884.83249983,0.018453427065026506,57.633903408016565,51.40655798646925,1.0,0.0,1.0
LTC/USD,2020-10-28,55.88,66020.5849597,-0.035720448662640236,56.75695170400829,51.706131015648964,1.0,0.0,1.0
LTC/USD,2020-10-29,54.9,26513.36557932,-0.017537580529706553,55.828475852004146,51.920014866954325,1.0,0.0,1.0
LTC/USD,2020-10-30,54.08,28337.75543675,-0.014936247723132956,54.95423792600207,52.06466260963936,1.0,0.0,1.0
LTC/USD,2020-10-31,55.82,23929.15238831,0.03217455621301779,55.387118963001036,52.31614632044179,1.0,0.0,1.0
LTC/USD,2020-11-01,55.6,14616.73046678,-0.003941239699032595,55.49355948150052,52.53605617759265,1.0,0.0,1.0
LTC/USD,2020-11-02,53.88,31450.86535865,-0.03093525179856116,54.68677974075026,52.62605607492186,1.0,0.0,1.0
LTC/USD,2020-11-03,53.95,33491.3692257,0.0012991833704527611,54.31838987037513,52.71471663895736,1.0,0.0,1.0
LTC/USD,2020-11-04,54.75,32201.50680376,0.014828544949026856,54.534194935187564,52.8510134770213,1.0,0.0,1.0
LTC/USD,2020-11-05,59.02,69752.91865669,0.0779908675799088,56.777097467593784,53.26413204971494,1.0,0.0,1.0
LTC/USD,2020-11-06,63.42,104680.28361439999,0.07455099966113177,60.09854873379689,53.94424014469274,1.0,0.0,1.0
LTC/USD,2020-11-07,59.02,84360.21001199,-0.0693787448754336,59.55927436689845,54.28414859788024,1.0,0.0,1.0
LTC/USD,2020-11-08,61.0,28250.90952512,0.033547949847509306,60.279637183449225,54.73388907556354,1.0,0.0,1.0
LTC/USD,2020-11-09,59.22,41465.3179934,-0.029180327868852496,59.74981859172461,55.0343105038071,1.0,0.0,1.0
LTC/USD,2020-11-10,58.01,30869.44844606,-0.020432286389733267,58.879909295862305,55.23358352748248,1.0,0.0,1.0
LTC/USD,2020-11-11,59.29,46139.85883936,0.022065161179107173,59.084954647931156,55.50522960372779,1.0,0.0,1.0
LTC/USD,2020-11-12,60.77,54201.75648518,0.024962050936077063,59.927477323965576,55.85779552741172,1.0,0.0,1.0
LTC/USD,2020-11-13,65.83,96069.27552008,0.0832647688003949,62.87873866198279,56.52560422872423,1.0,0.0,1.0
LTC/USD,2020-11-14,63.96,55099.47887105,-0.028406501595017453,63.419369330991394,57.023463473257976,1.0,0.0,1.0
LTC/USD,2020-11-15,62.39,27665.01177049,-0.02454659161976236,62.904684665495694,57.38284437026234,1.0,0.0,1.0
LTC/USD,2020-11-16,73.84,172049.80242561,0.18352300048084635,68.37234233274785,58.48493085059906,1.0,0.0,1.0
LTC/USD,2020-11-17,76.35,111992.59892324,0.033992416034669404,72.36117116637392,59.68130108752252,1.0,0.0,1.0
LTC/USD,2020-11-18,73.63,97618.02366874,-0.0356254092992796,72.99558558318697,60.61540372564493,1.0,0.0,1.0
LTC/USD,2020-11-19,81.76,117497.13442469,0.1104169496129297,77.37779279159349,62.031394083300455,1.0,0.0,1.0
LTC/USD,2020-11-20,82.61,93874.84449247,0.010396281800391316,79.99389639579675,63.409481759884784,1.0,0.0,1.0
LTC/USD,2020-11-21,87.26,99495.67566992,0.05628858491708022,83.62694819789837,65.00667961672211,1.0,0.0,1.0
LTC/USD,2020-11-22,83.0,78282.76299911,-0.04881961952784786,83.31347409894919,66.21163845511002,1.0,0.0,1.0
LTC/USD,2020-11-23,89.15,116204.58295029,0.0740963855421688,86.23173704947459,67.74775190681844,1.0,0.0,1.0
LTC/USD,2020-11-24,89.39,144911.88974673,0.0026920919798092413,87.81086852473729,69.19706851803704,1.0,0.0,1.0
LTC/USD,2020-11-25,81.91,85148.98787710001,-0.08367826378789578,84.86043426236864,70.04841550818165,1.0,0.0,1.0
LTC/USD,2020-11-26,70.98,183589.64078612,-0.133439140520083,77.92021713118433,70.11080093472943,1.0,0.0,1.0
LTC/USD,2020-11-27,69.18,109996.14977093,-0.025359256128486884,73.55010856559217,70.04846798065586,1.0,0.0,1.0
LTC/USD,2020-11-28,72.87,75305.27709007,0.05333911535125746,73.21005428279608,70.23741753927445,1.0,0.0,1.0
LTC/USD,2020-11-29,78.98,69268.09114137,0.08384794840126242,76.09502714139805,70.82288213291201,1.0,0.0,1.0
LTC/USD,2020-11-30,87.67,124261.00347139999,0.11002785515320324,81.88251357069902,71.9510832176977,1.0,0.0,1.0
LTC/USD,2020-12-01,85.16,217015.97346557,-0.028630090110642215,83.52125678534951,72.83564485964774,1.0,0.0,1.0
LTC/USD,2020-12-02,89.01,65881.54788761,0.04520901831845947,86.26562839267476,73.91879303721839,1.0,0.0,1.0
LTC/USD,2020-12-03,89.06,56967.45534805,0.0005617346365576203,87.66281419633738,74.93275437203793,1.0,0.0,1.0
LTC/USD,2020-12-04,79.64,66565.98761386,-0.10577139007410741,83.65140709816869,75.247984529844,1.0,0.0,1.0
LTC/USD,2020-12-05,83.13,42064.87045581,0.04382219989954783,83.39070354908435,75.77581952654096,1.0,0.0,1.0
LTC/USD,2020-12-06,83.68,32156.57118282,0.006616143389871487,83.53535177454218,76.3051388472017,1.0,0.0,1.0
LTC/USD,2020-12-07,83.6,40241.56451991,-0.0009560229445507717,83.5676758872711,76.79365387575896,1.0,0.0,1.0
LTC/USD,2020-12-08,76.73,61165.01488025,-0.0821770334928229,80.14883794363556,76.7893911661223,1.0,0.0,1.0
LTC/USD,2020-12-09,77.4,58406.73110009,0.008731917111951093,78.77441897181778,76.8302818130683,1.0,0.0,1.0
LTC/USD,2020-12-10,74.65,42244.8478609,-0.03552971576227393,76.71220948590889,76.68427486244042,1.0,0.0,1.0
LTC/USD,2020-12-11,72.28,78713.70636336,-0.03174815807099807,74.49610474295444,76.38933375045315,0.0,-1.0,-1.0
LTC/USD,2020-12-12,76.59,38218.27959181,0.059629219701162084,75.54305237147722,76.40277176888483,0.0,-1.0,-1.0
LTC/USD,2020-12-13,82.21,62601.28859419,0.07337772555163857,78.87652618573861,76.79166447098561,1.0,0.0,1.0
LTC/USD,2020-12-14,82.43,52994.48645393,0.002676073470380791,80.65326309286931,77.16924693407545,1.0,0.0,1.0
LTC/USD,2020-12-15,81.34,56711.02200599999,-0.01322334101662015,80.99663154643466,77.4485497899391,1.0,0.0,1.0
LTC/USD,2020-12-16,93.16,110395.50761539,0.14531595770838446,87.07831577321733,78.50069860912528,1.0,0.0,1.0
LTC/USD,2020-12-17,101.27,247653.28393587,0.0870545298411336,94.17415788660867,80.02549060806896,1.0,0.0,1.0
LTC/USD,2020-12-18,109.47,137352.54260818,0.08097165991902844,101.82207894330433,81.99730131771297,1.0,0.0,1.0
LTC/USD,2020-12-19,120.06,159020.17134855,0.096738832556865,110.94103947165218,84.54624638250162,1.0,0.0,1.0
LTC/USD,2020-12-20,114.73,154349.06384287,-0.04439446943195069,112.8355197358261,86.56756206645555,1.0,0.0,1.0
LTC/USD,2020-12-21,104.53,197160.8590015,-0.08890438420639768,108.68275986791305,87.77045279957079,1.0,0.0,1.0
LTC/USD,2020-12-22,114.6,148599.34280762,0.09633598010140632,111.64137993395653,89.56714731400555,1.0,0.0,1.0
LTC/USD,2020-12-23,102.45,193962.2993675,-0.1060209424083769,107.04568996697827,90.4298734188586,1.0,0.0,1.0
LTC/USD,2020-12-24,111.28,114843.90235152,0.08618838457784284,109.16284498348914,91.82614402207653,1.0,0.0,1.0
LTC/USD,2020-12-25,127.74,166893.59232845,0.14791516894320633,118.45142249174457,94.23118751929601,1.0,0.0,1.0
LTC/USD,2020-12-26,129.48,172623.25540895,0.013621418506341021,123.96571124587228,96.59169504300881,1.0,0.0,1.0
LTC/USD,2020-12-27,127.66,245344.02370167,-0.014056224899598346,125.81285562293614,98.6722464840007,1.0,0.0,1.0
LTC/USD,2020-12-28,129.64,113346.20028185,0.01550994830017216,127.72642781146806,100.74606429579268,1.0,0.0,1.0
LTC/USD,2020-12-29,128.69,131838.13371553,-0.007327985189756192,128.20821390573403,102.61738607459124,1.0,0.0,1.0
LTC/USD,2020-12-30,130.02,112857.53312793,0.01033491335768133,129.11410695286702,104.45245715324769,1.0,0.0,1.0
LTC/USD,2020-12-31,124.55,117733.28254579,-0.04207045069989246,126.83205347643352,105.79832947515553,1.0,0.0,1.0
LTC/USD,2021-01-01,126.45,91396.48988887,0.01525491770373355,126.64102673821677,107.18131006997186,1.0,0.0,1.0
LTC/USD,2021-01-02,136.92,169333.65047562,0.08279952550415182,131.78051336910838,109.17282117020032,1.0,0.0,1.0
LTC/USD,2021-01-03,161.37,286331.56194895,0.1785714285714286,146.57525668455418,112.66831008665031,1.0,0.0,1.0
LTC/USD,2021-01-04,155.65,278517.08914431,-0.035446489434219464,151.1126283422771,115.54666527883992,1.0,0.0,1.0
LTC/USD,2021-01-05,158.8,123165.47034687,0.0202377128172182,154.95631417113856,118.44321171117315,1.0,0.0,1.0
LTC/USD,2021-01-06,169.16,119131.20318837,0.0652392947103273,162.0581570855693,121.83956330173697,1.0,0.0,1.0
LTC/USD,2021-01-07,169.79,191731.5253738,0.003724284700874936,165.92407854278463,125.05066060192334,1.0,0.0,1.0
LTC/USD,2021-01-08,172.34,220620.92138411,0.015018552329348012,169.13203927139233,128.21748619361313,1.0,0.0,1.0
LTC/USD,2021-01-09,177.89,127573.87213592,0.032203783219217685,173.51101963569616,131.54390584607347,1.0,0.0,1.0
LTC/USD,2021-01-10,170.19,144143.39169905,-0.043285176232503164,171.8505098178481,134.13191916034882,1.0,0.0,1.0
LTC/USD,2021-01-11,139.23,338168.77723655,-0.1819143310417769,155.54025490892406,134.47332238308377,1.0,0.0,1.0
LTC/USD,2021-01-12,133.35,149491.12546623,-0.042232277526395134,144.445127454462,134.3980968435489,1.0,0.0,1.0
LTC/USD,2021-01-13,147.54,84780.35539047,0.10641169853768284,145.99256372723102,135.2781707834494,1.0,0.0,1.0
LTC/USD,2021-01-14,152.47,100389.31152356,0.033414667208892634,149.2312818636155,136.42945615609193,1.0,0.0,1.0
LTC/USD,2021-01-15,144.0,86690.56688973,-0.05555191185151176,146.61564093180775,136.9364328297579,1.0,0.0,1.0
LTC/USD,2021-01-16,147.47,40781.77431718,0.024097222222222214,147.04282046590387,137.64183431159512,1.0,0.0,1.0
